cidade,pagina,qtd_empresas,empresas,cep,setor
itapeva,3,,"QUATRELATI,SUPERMERCADO LOUREIRO,SUPERMERCADO POLACO,NERILDO APARECIDO NUNES,MINO S SUPERMERCADO,MUNDO ANIMAL ITAPEVA,MNA DE OLIVEIRA DA SILVA EMBALAGENS LTDA,ESFIHA SHOW,SUPER REY SUPERMERCADO,VICI SUPERMERCADOS LTDA,CANTO DA CASA,ARMAZEM LOUREIRO,NANINI EMBALAGENS,CACAU SHOW,IVO LANCHES,CONTAINER PIZZARIA,MARXGREG 3D,OLIMEL ALIMENTOS LTDA,PANIFICADORA SOUZA  RESENDE LTDA,MERCADO PAKITO LTDA,QUATRELATI,SUPERMERCADO LOUREIRO,SUPERMERCADO POLACO,NERILDO APARECIDO NUNES,MINO S SUPERMERCADO,MUNDO ANIMAL ITAPEVA,MNA DE OLIVEIRA DA SILVA EMBALAGENS LTDA,ESFIHA SHOW,SUPER REY SUPERMERCADO,VICI SUPERMERCADOS LTDA,CANTO DA CASA,ARMAZEM LOUREIRO,NANINI EMBALAGENS,CACAU SHOW,IVO LANCHES,CONTAINER PIZZARIA,MARXGREG 3D,OLIMEL ALIMENTOS LTDA,PANIFICADORA SOUZA  RESENDE LTDA,MERCADO PAKITO LTDA,60 filtros","18.410-630,18.400-690,18.407-130,18.405-205,18.410-070,18.400-170,18.400-480,18.400-340,18.404-537,18.400-060,18.400-100,18.406-260,18.400-500,18.400-400,18.409-270,18.400-170,18.403-010,18.407-120,18.400-450,18.409-380,18.410-630,18.400-690,18.407-130,18.405-205,18.410-070,18.400-170,18.400-480,18.400-340,18.404-537,18.400-060,18.400-100,18.406-260,18.400-500,18.400-400,18.409-270,18.400-170,18.403-010,18.407-120,18.400-450,18.409-380","Indústrias da transformação,Comércio Varejista,Comércio Varejista,Indústrias da transformação,Comércio Varejista,Restaurantes,Comércio Varejista,Restaurantes,Comércio Varejista,Comércio Varejista,Comércio Varejista,Comércio Varejista,Comércio Varejista,Comércio Varejista,Restaurantes,Restaurantes,Comércio Varejista,Comércio Varejista,Restaurantes,Comércio Varejista,Indústrias da transformação,Comércio Varejista,Comércio Varejista,Indústrias da transformação,Comércio Varejista,Restaurantes,Comércio Varejista,Restaurantes,Comércio Varejista,Comércio Varejista,Comércio Varejista,Comércio Varejista,Comércio Varejista,Comércio Varejista,Restaurantes,Restaurantes,Comércio Varejista,Comércio Varejista,Restaurantes,Comércio Varejista"
aracatuba,2,,"SUPERMERCADOS RONDON,CATUAY DO BRASIL,COOPERATIVA DOS BANCARIOS,SUPERMERCADO CASA DINIZ,COMERCIAL DE PRODUTOS ALIMENTICIOS ROSAFELIPE,ENGARRAFADORA E DISTRIBUIDORA DE BEBIDAS PALO VERDE LTDA,MILLENAR,MARIA APARECIDA DA SILVA  CIA LTDA,PADARIA CONF E LANCHONETE BANDEIRANTE ARACATUBA LTDA,ARACATUBA POINT COMESTIVEIS LTDA,SUPLESAL,CONFRARIA DO CHOPP ARACATUBA LIMITADA,SAFRA DISTRIBUIDORA DE DOCES LTDA,DELLY PADARIA E CONFEITARIA LTDA,CENTRO DE EVENTOS AVENIDA,CHICAZES SANTANA LTDA,HIDRAJA,JOSEMAR  RODRIGUES ALIMENTOS E DERIVADOS LTDA,MIO BEBIDAS,MUNDIAL FISH INDUSTRIA COMERCIO E IMPORTACAO LTDA,SUPERMERCADOS RONDON,CATUAY DO BRASIL,COOPERATIVA DOS BANCARIOS,SUPERMERCADO CASA DINIZ,COMERCIAL DE PRODUTOS ALIMENTICIOS ROSAFELIPE,ENGARRAFADORA E DISTRIBUIDORA DE BEBIDAS PALO VERDE LTDA,MILLENAR,MARIA APARECIDA DA SILVA  CIA LTDA,PADARIA CONF E LANCHONETE BANDEIRANTE ARACATUBA LTDA,ARACATUBA POINT COMESTIVEIS LTDA,SUPLESAL,CONFRARIA DO CHOPP ARACATUBA LIMITADA,SAFRA DISTRIBUIDORA DE DOCES LTDA,DELLY PADARIA E CONFEITARIA LTDA,CENTRO DE EVENTOS AVENIDA,CHICAZES SANTANA LTDA,HIDRAJA,JOSEMAR  RODRIGUES ALIMENTOS E DERIVADOS LTDA,MIO BEBIDAS,MUNDIAL FISH INDUSTRIA COMERCIO E IMPORTACAO LTDA,60 filtros","16.021-345,16.058-703,16.015-090,16.015-085,16.072-125,16.026-005,16.018-410,16.018-305,16.010-090,16.020-050,16.129-899,16.018-000,16.025-285,16.020-265,16.015-460,16.050-480,16.013-040,16.013-312,16.058-703,16.021-345,16.058-703,16.015-090,16.015-085,16.072-125,16.026-005,16.018-410,16.018-305,16.010-090,16.020-050,16.129-899,16.018-000,16.025-285,16.020-265,16.015-460,16.050-480,16.013-040,16.013-312,16.058-703","Comércio Varejista,Indústrias da transformação,Comércio Varejista,Comércio Varejista,Comércio Varejista,Indústrias da transformação,Indústrias da transformação,Comércio Varejista,Restaurantes,Restaurantes,Indústrias da transformação,Comércio Varejista,Comércio Varejista,Indústrias da transformação,Restaurantes,Indústrias da transformação,Indústrias da transformação,Comércio Varejista,Comércio Varejista,Indústrias da transformação,Comércio Varejista,Indústrias da transformação,Comércio Varejista,Comércio Varejista,Comércio Varejista,Indústrias da transformação,Indústrias da transformação,Comércio Varejista,Restaurantes,Restaurantes,Indústrias da transformação,Comércio Varejista,Comércio Varejista,Indústrias da transformação,Restaurantes,Indústrias da transformação,Indústrias da transformação,Comércio Varejista,Comércio Varejista,Indústrias da transformação"
itapeva,1,,"QUATRELATI,SUPERMERCADO LOUREIRO,SUPERMERCADO POLACO,NERILDO APARECIDO NUNES,MINO S SUPERMERCADO,MUNDO ANIMAL ITAPEVA,MNA DE OLIVEIRA DA SILVA EMBALAGENS LTDA,ESFIHA SHOW,SUPER REY SUPERMERCADO,VICI SUPERMERCADOS LTDA,CANTO DA CASA,ARMAZEM LOUREIRO,NANINI EMBALAGENS,CACAU SHOW,IVO LANCHES,CONTAINER PIZZARIA,MARXGREG 3D,OLIMEL ALIMENTOS LTDA,PANIFICADORA SOUZA  RESENDE LTDA,MERCADO PAKITO LTDA,QUATRELATI,SUPERMERCADO LOUREIRO,SUPERMERCADO POLACO,NERILDO APARECIDO NUNES,MINO S SUPERMERCADO,MUNDO ANIMAL ITAPEVA,MNA DE OLIVEIRA DA SILVA EMBALAGENS LTDA,ESFIHA SHOW,SUPER REY SUPERMERCADO,VICI SUPERMERCADOS LTDA,CANTO DA CASA,ARMAZEM LOUREIRO,NANINI EMBALAGENS,CACAU SHOW,IVO LANCHES,CONTAINER PIZZARIA,MARXGREG 3D,OLIMEL ALIMENTOS LTDA,PANIFICADORA SOUZA  RESENDE LTDA,MERCADO PAKITO LTDA,60 filtros","18.410-630,18.400-690,18.407-130,18.405-205,18.410-070,18.400-170,18.400-480,18.400-340,18.404-537,18.400-060,18.400-100,18.406-260,18.400-500,18.400-400,18.409-270,18.400-170,18.403-010,18.407-120,18.400-450,18.409-380,18.410-630,18.400-690,18.407-130,18.405-205,18.410-070,18.400-170,18.400-480,18.400-340,18.404-537,18.400-060,18.400-100,18.406-260,18.400-500,18.400-400,18.409-270,18.400-170,18.403-010,18.407-120,18.400-450,18.409-380","Indústrias da transformação,Comércio Varejista,Comércio Varejista,Indústrias da transformação,Comércio Varejista,Restaurantes,Comércio Varejista,Restaurantes,Comércio Varejista,Comércio Varejista,Comércio Varejista,Comércio Varejista,Comércio Varejista,Comércio Varejista,Restaurantes,Restaurantes,Comércio Varejista,Comércio Varejista,Restaurantes,Comércio Varejista,Indústrias da transformação,Comércio Varejista,Comércio Varejista,Indústrias da transformação,Comércio Varejista,Restaurantes,Comércio Varejista,Restaurantes,Comércio Varejista,Comércio Varejista,Comércio Varejista,Comércio Varejista,Comércio Varejista,Comércio Varejista,Restaurantes,Restaurantes,Comércio Varejista,Comércio Varejista,Restaurantes,Comércio Varejista"
itapeva,2,,"QUATRELATI,SUPERMERCADO LOUREIRO,SUPERMERCADO POLACO,NERILDO APARECIDO NUNES,MINO S SUPERMERCADO,MUNDO ANIMAL ITAPEVA,MNA DE OLIVEIRA DA SILVA EMBALAGENS LTDA,ESFIHA SHOW,SUPER REY SUPERMERCADO,VICI SUPERMERCADOS LTDA,CANTO DA CASA,ARMAZEM LOUREIRO,NANINI EMBALAGENS,CACAU SHOW,IVO LANCHES,CONTAINER PIZZARIA,MARXGREG 3D,OLIMEL ALIMENTOS LTDA,PANIFICADORA SOUZA  RESENDE LTDA,MERCADO PAKITO LTDA,QUATRELATI,SUPERMERCADO LOUREIRO,SUPERMERCADO POLACO,NERILDO APARECIDO NUNES,MINO S SUPERMERCADO,MUNDO ANIMAL ITAPEVA,MNA DE OLIVEIRA DA SILVA EMBALAGENS LTDA,ESFIHA SHOW,SUPER REY SUPERMERCADO,VICI SUPERMERCADOS LTDA,CANTO DA CASA,ARMAZEM LOUREIRO,NANINI EMBALAGENS,CACAU SHOW,IVO LANCHES,CONTAINER PIZZARIA,MARXGREG 3D,OLIMEL ALIMENTOS LTDA,PANIFICADORA SOUZA  RESENDE LTDA,MERCADO PAKITO LTDA,60 filtros","18.410-630,18.400-690,18.407-130,18.405-205,18.410-070,18.400-170,18.400-480,18.400-340,18.404-537,18.400-060,18.400-100,18.406-260,18.400-500,18.400-400,18.409-270,18.400-170,18.403-010,18.407-120,18.400-450,18.409-380,18.410-630,18.400-690,18.407-130,18.405-205,18.410-070,18.400-170,18.400-480,18.400-340,18.404-537,18.400-060,18.400-100,18.406-260,18.400-500,18.400-400,18.409-270,18.400-170,18.403-010,18.407-120,18.400-450,18.409-380","Indústrias da transformação,Comércio Varejista,Comércio Varejista,Indústrias da transformação,Comércio Varejista,Restaurantes,Comércio Varejista,Restaurantes,Comércio Varejista,Comércio Varejista,Comércio Varejista,Comércio Varejista,Comércio Varejista,Comércio Varejista,Restaurantes,Restaurantes,Comércio Varejista,Comércio Varejista,Restaurantes,Comércio Varejista,Indústrias da transformação,Comércio Varejista,Comércio Varejista,Indústrias da transformação,Comércio Varejista,Restaurantes,Comércio Varejista,Restaurantes,Comércio Varejista,Comércio Varejista,Comércio Varejista,Comércio Varejista,Comércio Varejista,Comércio Varejista,Restaurantes,Restaurantes,Comércio Varejista,Comércio Varejista,Restaurantes,Comércio Varejista"
aracatuba,3,,"SUPERMERCADOS RONDON,CATUAY DO BRASIL,COOPERATIVA DOS BANCARIOS,SUPERMERCADO CASA DINIZ,COMERCIAL DE PRODUTOS ALIMENTICIOS ROSAFELIPE,ENGARRAFADORA E DISTRIBUIDORA DE BEBIDAS PALO VERDE LTDA,MILLENAR,MARIA APARECIDA DA SILVA  CIA LTDA,PADARIA CONF E LANCHONETE BANDEIRANTE ARACATUBA LTDA,ARACATUBA POINT COMESTIVEIS LTDA,SUPLESAL,CONFRARIA DO CHOPP ARACATUBA LIMITADA,SAFRA DISTRIBUIDORA DE DOCES LTDA,DELLY PADARIA E CONFEITARIA LTDA,CENTRO DE EVENTOS AVENIDA,CHICAZES SANTANA LTDA,HIDRAJA,JOSEMAR  RODRIGUES ALIMENTOS E DERIVADOS LTDA,MIO BEBIDAS,MUNDIAL FISH INDUSTRIA COMERCIO E IMPORTACAO LTDA,SUPERMERCADOS RONDON,CATUAY DO BRASIL,COOPERATIVA DOS BANCARIOS,SUPERMERCADO CASA DINIZ,COMERCIAL DE PRODUTOS ALIMENTICIOS ROSAFELIPE,ENGARRAFADORA E DISTRIBUIDORA DE BEBIDAS PALO VERDE LTDA,MILLENAR,MARIA APARECIDA DA SILVA  CIA LTDA,PADARIA CONF E LANCHONETE BANDEIRANTE ARACATUBA LTDA,ARACATUBA POINT COMESTIVEIS LTDA,SUPLESAL,CONFRARIA DO CHOPP ARACATUBA LIMITADA,SAFRA DISTRIBUIDORA DE DOCES LTDA,DELLY PADARIA E CONFEITARIA LTDA,CENTRO DE EVENTOS AVENIDA,CHICAZES SANTANA LTDA,HIDRAJA,JOSEMAR  RODRIGUES ALIMENTOS E DERIVADOS LTDA,MIO BEBIDAS,MUNDIAL FISH INDUSTRIA COMERCIO E IMPORTACAO LTDA,60 filtros","16.021-345,16.058-703,16.015-090,16.015-085,16.072-125,16.026-005,16.018-410,16.018-305,16.010-090,16.020-050,16.129-899,16.018-000,16.025-285,16.020-265,16.015-460,16.050-480,16.013-040,16.013-312,16.058-703,16.021-345,16.058-703,16.015-090,16.015-085,16.072-125,16.026-005,16.018-410,16.018-305,16.010-090,16.020-050,16.129-899,16.018-000,16.025-285,16.020-265,16.015-460,16.050-480,16.013-040,16.013-312,16.058-703","Comércio Varejista,Indústrias da transformação,Comércio Varejista,Comércio Varejista,Comércio Varejista,Indústrias da transformação,Indústrias da transformação,Comércio Varejista,Restaurantes,Restaurantes,Indústrias da transformação,Comércio Varejista,Comércio Varejista,Indústrias da transformação,Restaurantes,Indústrias da transformação,Indústrias da transformação,Comércio Varejista,Comércio Varejista,Indústrias da transformação,Comércio Varejista,Indústrias da transformação,Comércio Varejista,Comércio Varejista,Comércio Varejista,Indústrias da transformação,Indústrias da transformação,Comércio Varejista,Restaurantes,Restaurantes,Indústrias da transformação,Comércio Varejista,Comércio Varejista,Indústrias da transformação,Restaurantes,Indústrias da transformação,Indústrias da transformação,Comércio Varejista,Comércio Varejista,Indústrias da transformação"
itapeva,4,,"QUATRELATI,SUPERMERCADO LOUREIRO,SUPERMERCADO POLACO,NERILDO APARECIDO NUNES,MINO S SUPERMERCADO,MUNDO ANIMAL ITAPEVA,MNA DE OLIVEIRA DA SILVA EMBALAGENS LTDA,ESFIHA SHOW,SUPER REY SUPERMERCADO,VICI SUPERMERCADOS LTDA,CANTO DA CASA,ARMAZEM LOUREIRO,NANINI EMBALAGENS,CACAU SHOW,IVO LANCHES,CONTAINER PIZZARIA,MARXGREG 3D,OLIMEL ALIMENTOS LTDA,PANIFICADORA SOUZA  RESENDE LTDA,MERCADO PAKITO LTDA,QUATRELATI,SUPERMERCADO LOUREIRO,SUPERMERCADO POLACO,NERILDO APARECIDO NUNES,MINO S SUPERMERCADO,MUNDO ANIMAL ITAPEVA,MNA DE OLIVEIRA DA SILVA EMBALAGENS LTDA,ESFIHA SHOW,SUPER REY SUPERMERCADO,VICI SUPERMERCADOS LTDA,CANTO DA CASA,ARMAZEM LOUREIRO,NANINI EMBALAGENS,CACAU SHOW,IVO LANCHES,CONTAINER PIZZARIA,MARXGREG 3D,OLIMEL ALIMENTOS LTDA,PANIFICADORA SOUZA  RESENDE LTDA,MERCADO PAKITO LTDA,60 filtros","18.410-630,18.400-690,18.407-130,18.405-205,18.410-070,18.400-170,18.400-480,18.400-340,18.404-537,18.400-060,18.400-100,18.406-260,18.400-500,18.400-400,18.409-270,18.400-170,18.403-010,18.407-120,18.400-450,18.409-380,18.410-630,18.400-690,18.407-130,18.405-205,18.410-070,18.400-170,18.400-480,18.400-340,18.404-537,18.400-060,18.400-100,18.406-260,18.400-500,18.400-400,18.409-270,18.400-170,18.403-010,18.407-120,18.400-450,18.409-380","Indústrias da transformação,Comércio Varejista,Comércio Varejista,Indústrias da transformação,Comércio Varejista,Restaurantes,Comércio Varejista,Restaurantes,Comércio Varejista,Comércio Varejista,Comércio Varejista,Comércio Varejista,Comércio Varejista,Comércio Varejista,Restaurantes,Restaurantes,Comércio Varejista,Comércio Varejista,Restaurantes,Comércio Varejista,Indústrias da transformação,Comércio Varejista,Comércio Varejista,Indústrias da transformação,Comércio Varejista,Restaurantes,Comércio Varejista,Restaurantes,Comércio Varejista,Comércio Varejista,Comércio Varejista,Comércio Varejista,Comércio Varejista,Comércio Varejista,Restaurantes,Restaurantes,Comércio Varejista,Comércio Varejista,Restaurantes,Comércio Varejista"
itapeva,5,,"QUATRELATI,SUPERMERCADO LOUREIRO,SUPERMERCADO POLACO,NERILDO APARECIDO NUNES,MINO S SUPERMERCADO,MUNDO ANIMAL ITAPEVA,MNA DE OLIVEIRA DA SILVA EMBALAGENS LTDA,ESFIHA SHOW,SUPER REY SUPERMERCADO,VICI SUPERMERCADOS LTDA,CANTO DA CASA,ARMAZEM LOUREIRO,NANINI EMBALAGENS,CACAU SHOW,IVO LANCHES,CONTAINER PIZZARIA,MARXGREG 3D,OLIMEL ALIMENTOS LTDA,PANIFICADORA SOUZA  RESENDE LTDA,MERCADO PAKITO LTDA,QUATRELATI,SUPERMERCADO LOUREIRO,SUPERMERCADO POLACO,NERILDO APARECIDO NUNES,MINO S SUPERMERCADO,MUNDO ANIMAL ITAPEVA,MNA DE OLIVEIRA DA SILVA EMBALAGENS LTDA,ESFIHA SHOW,SUPER REY SUPERMERCADO,VICI SUPERMERCADOS LTDA,CANTO DA CASA,ARMAZEM LOUREIRO,NANINI EMBALAGENS,CACAU SHOW,IVO LANCHES,CONTAINER PIZZARIA,MARXGREG 3D,OLIMEL ALIMENTOS LTDA,PANIFICADORA SOUZA  RESENDE LTDA,MERCADO PAKITO LTDA,60 filtros","18.410-630,18.400-690,18.407-130,18.405-205,18.410-070,18.400-170,18.400-480,18.400-340,18.404-537,18.400-060,18.400-100,18.406-260,18.400-500,18.400-400,18.409-270,18.400-170,18.403-010,18.407-120,18.400-450,18.409-380,18.410-630,18.400-690,18.407-130,18.405-205,18.410-070,18.400-170,18.400-480,18.400-340,18.404-537,18.400-060,18.400-100,18.406-260,18.400-500,18.400-400,18.409-270,18.400-170,18.403-010,18.407-120,18.400-450,18.409-380","Indústrias da transformação,Comércio Varejista,Comércio Varejista,Indústrias da transformação,Comércio Varejista,Restaurantes,Comércio Varejista,Restaurantes,Comércio Varejista,Comércio Varejista,Comércio Varejista,Comércio Varejista,Comércio Varejista,Comércio Varejista,Restaurantes,Restaurantes,Comércio Varejista,Comércio Varejista,Restaurantes,Comércio Varejista,Indústrias da transformação,Comércio Varejista,Comércio Varejista,Indústrias da transformação,Comércio Varejista,Restaurantes,Comércio Varejista,Restaurantes,Comércio Varejista,Comércio Varejista,Comércio Varejista,Comércio Varejista,Comércio Varejista,Comércio Varejista,Restaurantes,Restaurantes,Comércio Varejista,Comércio Varejista,Restaurantes,Comércio Varejista"
itapetininga,2,,"USINA VISTA ALEGRE,M  S SUPERMERCADO,PAULISPAN,EMPORIO SAO JOSE 1,SUPERMERCADO LOBAO,SUPERMERCADO POLITEL,SUPERMERCADO ROBERTO,F F SUPERMERCADO LTDA,SUPERMERCADO DIA,AGROPECUARIA SANTA RITA DE ITAPETININGA LTDA,SUPERMERCADO ROMA,EMPORIO ALBERTO,MMFIT SUPLEMENTOS LTDA,CASA  CIA,SUPERMERCADO FELICIANO ITAPETININGA LTDA,PADARIA SAO JOAO I,FARINILLA,SUPERMERCADO LM,CERVEJARIA PINELLI,MEGA CHOCOLATES ITAPETININGA LTDA,USINA VISTA ALEGRE,M  S SUPERMERCADO,PAULISPAN,EMPORIO SAO JOSE 1,SUPERMERCADO LOBAO,SUPERMERCADO POLITEL,SUPERMERCADO ROBERTO,F F SUPERMERCADO LTDA,SUPERMERCADO DIA,AGROPECUARIA SANTA RITA DE ITAPETININGA LTDA,SUPERMERCADO ROMA,EMPORIO ALBERTO,MMFIT SUPLEMENTOS LTDA,CASA  CIA,SUPERMERCADO FELICIANO ITAPETININGA LTDA,PADARIA SAO JOAO I,FARINILLA,SUPERMERCADO LM,CERVEJARIA PINELLI,MEGA CHOCOLATES ITAPETININGA LTDA,60 filtros","18.209-600,18.200-320,18.214-450,18.205-734,18.203-240,18.200-354,18.213-170,18.200-350,18.208-080,18.208-672,18.200-035,18.200-160,18.200-354,18.211-130,18.200-185,18.209-205,18.209-110,18.207-330,18.200-358,18.209-600,18.200-320,18.214-450,18.205-734,18.203-240,18.200-354,18.213-170,18.200-350,18.208-080,18.208-672,18.200-035,18.200-160,18.200-354,18.211-130,18.200-185,18.209-205,18.209-110,18.207-330,18.200-358","Indústrias da transformação,Comércio Varejista,Indústrias da transformação,Comércio Varejista,Comércio Varejista,Comércio Varejista,Comércio Varejista,Comércio Varejista,Comércio Varejista,Comércio Varejista,Comércio Varejista,Comércio Varejista,Comércio Varejista,Comércio Varejista,Comércio Varejista,Comércio Varejista,Indústrias da transformação,Comércio Varejista,Indústrias da transformação,Comércio Varejista,Indústrias da transformação,Comércio Varejista,Indústrias da transformação,Comércio Varejista,Comércio Varejista,Comércio Varejista,Comércio Varejista,Comércio Varejista,Comércio Varejista,Comércio Varejista,Comércio Varejista,Comércio Varejista,Comércio Varejista,Comércio Varejista,Comércio Varejista,Comércio Varejista,Indústrias da transformação,Comércio Varejista,Indústrias da transformação,Comércio Varejista"
aracatuba,1,,"SUPERMERCADOS RONDON,CATUAY DO BRASIL,COOPERATIVA DOS BANCARIOS,SUPERMERCADO CASA DINIZ,COMERCIAL DE PRODUTOS ALIMENTICIOS ROSAFELIPE,ENGARRAFADORA E DISTRIBUIDORA DE BEBIDAS PALO VERDE LTDA,MILLENAR,MARIA APARECIDA DA SILVA  CIA LTDA,PADARIA CONF E LANCHONETE BANDEIRANTE ARACATUBA LTDA,ARACATUBA POINT COMESTIVEIS LTDA,SUPLESAL,CONFRARIA DO CHOPP ARACATUBA LIMITADA,SAFRA DISTRIBUIDORA DE DOCES LTDA,DELLY PADARIA E CONFEITARIA LTDA,CENTRO DE EVENTOS AVENIDA,CHICAZES SANTANA LTDA,HIDRAJA,JOSEMAR  RODRIGUES ALIMENTOS E DERIVADOS LTDA,MIO BEBIDAS,MUNDIAL FISH INDUSTRIA COMERCIO E IMPORTACAO LTDA,SUPERMERCADOS RONDON,CATUAY DO BRASIL,COOPERATIVA DOS BANCARIOS,SUPERMERCADO CASA DINIZ,COMERCIAL DE PRODUTOS ALIMENTICIOS ROSAFELIPE,ENGARRAFADORA E DISTRIBUIDORA DE BEBIDAS PALO VERDE LTDA,MILLENAR,MARIA APARECIDA DA SILVA  CIA LTDA,PADARIA CONF E LANCHONETE BANDEIRANTE ARACATUBA LTDA,ARACATUBA POINT COMESTIVEIS LTDA,SUPLESAL,CONFRARIA DO CHOPP ARACATUBA LIMITADA,SAFRA DISTRIBUIDORA DE DOCES LTDA,DELLY PADARIA E CONFEITARIA LTDA,CENTRO DE EVENTOS AVENIDA,CHICAZES SANTANA LTDA,HIDRAJA,JOSEMAR  RODRIGUES ALIMENTOS E DERIVADOS LTDA,MIO BEBIDAS,MUNDIAL FISH INDUSTRIA COMERCIO E IMPORTACAO LTDA,60 filtros","16.021-345,16.058-703,16.015-090,16.015-085,16.072-125,16.026-005,16.018-410,16.018-305,16.010-090,16.020-050,16.129-899,16.018-000,16.025-285,16.020-265,16.015-460,16.050-480,16.013-040,16.013-312,16.058-703,16.021-345,16.058-703,16.015-090,16.015-085,16.072-125,16.026-005,16.018-410,16.018-305,16.010-090,16.020-050,16.129-899,16.018-000,16.025-285,16.020-265,16.015-460,16.050-480,16.013-040,16.013-312,16.058-703","Comércio Varejista,Indústrias da transformação,Comércio Varejista,Comércio Varejista,Comércio Varejista,Indústrias da transformação,Indústrias da transformação,Comércio Varejista,Restaurantes,Restaurantes,Indústrias da transformação,Comércio Varejista,Comércio Varejista,Indústrias da transformação,Restaurantes,Indústrias da transformação,Indústrias da transformação,Comércio Varejista,Comércio Varejista,Indústrias da transformação,Comércio Varejista,Indústrias da transformação,Comércio Varejista,Comércio Varejista,Comércio Varejista,Indústrias da transformação,Indústrias da transformação,Comércio Varejista,Restaurantes,Restaurantes,Indústrias da transformação,Comércio Varejista,Comércio Varejista,Indústrias da transformação,Restaurantes,Indústrias da transformação,Indústrias da transformação,Comércio Varejista,Comércio Varejista,Indústrias da transformação"
aracatuba,5,,"SUPERMERCADOS RONDON,CATUAY DO BRASIL,COOPERATIVA DOS BANCARIOS,SUPERMERCADO CASA DINIZ,COMERCIAL DE PRODUTOS ALIMENTICIOS ROSAFELIPE,ENGARRAFADORA E DISTRIBUIDORA DE BEBIDAS PALO VERDE LTDA,MILLENAR,MARIA APARECIDA DA SILVA  CIA LTDA,PADARIA CONF E LANCHONETE BANDEIRANTE ARACATUBA LTDA,ARACATUBA POINT COMESTIVEIS LTDA,SUPLESAL,CONFRARIA DO CHOPP ARACATUBA LIMITADA,SAFRA DISTRIBUIDORA DE DOCES LTDA,DELLY PADARIA E CONFEITARIA LTDA,CENTRO DE EVENTOS AVENIDA,CHICAZES SANTANA LTDA,HIDRAJA,JOSEMAR  RODRIGUES ALIMENTOS E DERIVADOS LTDA,MIO BEBIDAS,MUNDIAL FISH INDUSTRIA COMERCIO E IMPORTACAO LTDA,SUPERMERCADOS RONDON,CATUAY DO BRASIL,COOPERATIVA DOS BANCARIOS,SUPERMERCADO CASA DINIZ,COMERCIAL DE PRODUTOS ALIMENTICIOS ROSAFELIPE,ENGARRAFADORA E DISTRIBUIDORA DE BEBIDAS PALO VERDE LTDA,MILLENAR,MARIA APARECIDA DA SILVA  CIA LTDA,PADARIA CONF E LANCHONETE BANDEIRANTE ARACATUBA LTDA,ARACATUBA POINT COMESTIVEIS LTDA,SUPLESAL,CONFRARIA DO CHOPP ARACATUBA LIMITADA,SAFRA DISTRIBUIDORA DE DOCES LTDA,DELLY PADARIA E CONFEITARIA LTDA,CENTRO DE EVENTOS AVENIDA,CHICAZES SANTANA LTDA,HIDRAJA,JOSEMAR  RODRIGUES ALIMENTOS E DERIVADOS LTDA,MIO BEBIDAS,MUNDIAL FISH INDUSTRIA COMERCIO E IMPORTACAO LTDA,60 filtros","16.021-345,16.058-703,16.015-090,16.015-085,16.072-125,16.026-005,16.018-410,16.018-305,16.010-090,16.020-050,16.129-899,16.018-000,16.025-285,16.020-265,16.015-460,16.050-480,16.013-040,16.013-312,16.058-703,16.021-345,16.058-703,16.015-090,16.015-085,16.072-125,16.026-005,16.018-410,16.018-305,16.010-090,16.020-050,16.129-899,16.018-000,16.025-285,16.020-265,16.015-460,16.050-480,16.013-040,16.013-312,16.058-703","Comércio Varejista,Indústrias da transformação,Comércio Varejista,Comércio Varejista,Comércio Varejista,Indústrias da transformação,Indústrias da transformação,Comércio Varejista,Restaurantes,Restaurantes,Indústrias da transformação,Comércio Varejista,Comércio Varejista,Indústrias da transformação,Restaurantes,Indústrias da transformação,Indústrias da transformação,Comércio Varejista,Comércio Varejista,Indústrias da transformação,Comércio Varejista,Indústrias da transformação,Comércio Varejista,Comércio Varejista,Comércio Varejista,Indústrias da transformação,Indústrias da transformação,Comércio Varejista,Restaurantes,Restaurantes,Indústrias da transformação,Comércio Varejista,Comércio Varejista,Indústrias da transformação,Restaurantes,Indústrias da transformação,Indústrias da transformação,Comércio Varejista,Comércio Varejista,Indústrias da transformação"
itapetininga,3,,"USINA VISTA ALEGRE,M  S SUPERMERCADO,PAULISPAN,EMPORIO SAO JOSE 1,SUPERMERCADO LOBAO,SUPERMERCADO POLITEL,SUPERMERCADO ROBERTO,F F SUPERMERCADO LTDA,SUPERMERCADO DIA,AGROPECUARIA SANTA RITA DE ITAPETININGA LTDA,SUPERMERCADO ROMA,EMPORIO ALBERTO,MMFIT SUPLEMENTOS LTDA,CASA  CIA,SUPERMERCADO FELICIANO ITAPETININGA LTDA,PADARIA SAO JOAO I,FARINILLA,SUPERMERCADO LM,CERVEJARIA PINELLI,MEGA CHOCOLATES ITAPETININGA LTDA,USINA VISTA ALEGRE,M  S SUPERMERCADO,PAULISPAN,EMPORIO SAO JOSE 1,SUPERMERCADO LOBAO,SUPERMERCADO POLITEL,SUPERMERCADO ROBERTO,F F SUPERMERCADO LTDA,SUPERMERCADO DIA,AGROPECUARIA SANTA RITA DE ITAPETININGA LTDA,SUPERMERCADO ROMA,EMPORIO ALBERTO,MMFIT SUPLEMENTOS LTDA,CASA  CIA,SUPERMERCADO FELICIANO ITAPETININGA LTDA,PADARIA SAO JOAO I,FARINILLA,SUPERMERCADO LM,CERVEJARIA PINELLI,MEGA CHOCOLATES ITAPETININGA LTDA,60 filtros","18.209-600,18.200-320,18.214-450,18.205-734,18.203-240,18.200-354,18.213-170,18.200-350,18.208-080,18.208-672,18.200-035,18.200-160,18.200-354,18.211-130,18.200-185,18.209-205,18.209-110,18.207-330,18.200-358,18.209-600,18.200-320,18.214-450,18.205-734,18.203-240,18.200-354,18.213-170,18.200-350,18.208-080,18.208-672,18.200-035,18.200-160,18.200-354,18.211-130,18.200-185,18.209-205,18.209-110,18.207-330,18.200-358","Indústrias da transformação,Comércio Varejista,Indústrias da transformação,Comércio Varejista,Comércio Varejista,Comércio Varejista,Comércio Varejista,Comércio Varejista,Comércio Varejista,Comércio Varejista,Comércio Varejista,Comércio Varejista,Comércio Varejista,Comércio Varejista,Comércio Varejista,Comércio Varejista,Indústrias da transformação,Comércio Varejista,Indústrias da transformação,Comércio Varejista,Indústrias da transformação,Comércio Varejista,Indústrias da transformação,Comércio Varejista,Comércio Varejista,Comércio Varejista,Comércio Varejista,Comércio Varejista,Comércio Varejista,Comércio Varejista,Comércio Varejista,Comércio Varejista,Comércio Varejista,Comércio Varejista,Comércio Varejista,Comércio Varejista,Indústrias da transformação,Comércio Varejista,Indústrias da transformação,Comércio Varejista"
itapetininga,1,,"USINA VISTA ALEGRE,M  S SUPERMERCADO,PAULISPAN,EMPORIO SAO JOSE 1,SUPERMERCADO LOBAO,SUPERMERCADO POLITEL,SUPERMERCADO ROBERTO,F F SUPERMERCADO LTDA,SUPERMERCADO DIA,AGROPECUARIA SANTA RITA DE ITAPETININGA LTDA,SUPERMERCADO ROMA,EMPORIO ALBERTO,MMFIT SUPLEMENTOS LTDA,CASA  CIA,SUPERMERCADO FELICIANO ITAPETININGA LTDA,PADARIA SAO JOAO I,FARINILLA,SUPERMERCADO LM,CERVEJARIA PINELLI,MEGA CHOCOLATES ITAPETININGA LTDA,USINA VISTA ALEGRE,M  S SUPERMERCADO,PAULISPAN,EMPORIO SAO JOSE 1,SUPERMERCADO LOBAO,SUPERMERCADO POLITEL,SUPERMERCADO ROBERTO,F F SUPERMERCADO LTDA,SUPERMERCADO DIA,AGROPECUARIA SANTA RITA DE ITAPETININGA LTDA,SUPERMERCADO ROMA,EMPORIO ALBERTO,MMFIT SUPLEMENTOS LTDA,CASA  CIA,SUPERMERCADO FELICIANO ITAPETININGA LTDA,PADARIA SAO JOAO I,FARINILLA,SUPERMERCADO LM,CERVEJARIA PINELLI,MEGA CHOCOLATES ITAPETININGA LTDA,60 filtros","18.209-600,18.200-320,18.214-450,18.205-734,18.203-240,18.200-354,18.213-170,18.200-350,18.208-080,18.208-672,18.200-035,18.200-160,18.200-354,18.211-130,18.200-185,18.209-205,18.209-110,18.207-330,18.200-358,18.209-600,18.200-320,18.214-450,18.205-734,18.203-240,18.200-354,18.213-170,18.200-350,18.208-080,18.208-672,18.200-035,18.200-160,18.200-354,18.211-130,18.200-185,18.209-205,18.209-110,18.207-330,18.200-358","Indústrias da transformação,Comércio Varejista,Indústrias da transformação,Comércio Varejista,Comércio Varejista,Comércio Varejista,Comércio Varejista,Comércio Varejista,Comércio Varejista,Comércio Varejista,Comércio Varejista,Comércio Varejista,Comércio Varejista,Comércio Varejista,Comércio Varejista,Comércio Varejista,Indústrias da transformação,Comércio Varejista,Indústrias da transformação,Comércio Varejista,Indústrias da transformação,Comércio Varejista,Indústrias da transformação,Comércio Varejista,Comércio Varejista,Comércio Varejista,Comércio Varejista,Comércio Varejista,Comércio Varejista,Comércio Varejista,Comércio Varejista,Comércio Varejista,Comércio Varejista,Comércio Varejista,Comércio Varejista,Comércio Varejista,Indústrias da transformação,Comércio Varejista,Indústrias da transformação,Comércio Varejista"
aracatuba,4,,"SUPERMERCADOS RONDON,CATUAY DO BRASIL,COOPERATIVA DOS BANCARIOS,SUPERMERCADO CASA DINIZ,COMERCIAL DE PRODUTOS ALIMENTICIOS ROSAFELIPE,ENGARRAFADORA E DISTRIBUIDORA DE BEBIDAS PALO VERDE LTDA,MILLENAR,MARIA APARECIDA DA SILVA  CIA LTDA,PADARIA CONF E LANCHONETE BANDEIRANTE ARACATUBA LTDA,ARACATUBA POINT COMESTIVEIS LTDA,SUPLESAL,CONFRARIA DO CHOPP ARACATUBA LIMITADA,SAFRA DISTRIBUIDORA DE DOCES LTDA,DELLY PADARIA E CONFEITARIA LTDA,CENTRO DE EVENTOS AVENIDA,CHICAZES SANTANA LTDA,HIDRAJA,JOSEMAR  RODRIGUES ALIMENTOS E DERIVADOS LTDA,MIO BEBIDAS,MUNDIAL FISH INDUSTRIA COMERCIO E IMPORTACAO LTDA,SUPERMERCADOS RONDON,CATUAY DO BRASIL,COOPERATIVA DOS BANCARIOS,SUPERMERCADO CASA DINIZ,COMERCIAL DE PRODUTOS ALIMENTICIOS ROSAFELIPE,ENGARRAFADORA E DISTRIBUIDORA DE BEBIDAS PALO VERDE LTDA,MILLENAR,MARIA APARECIDA DA SILVA  CIA LTDA,PADARIA CONF E LANCHONETE BANDEIRANTE ARACATUBA LTDA,ARACATUBA POINT COMESTIVEIS LTDA,SUPLESAL,CONFRARIA DO CHOPP ARACATUBA LIMITADA,SAFRA DISTRIBUIDORA DE DOCES LTDA,DELLY PADARIA E CONFEITARIA LTDA,CENTRO DE EVENTOS AVENIDA,CHICAZES SANTANA LTDA,HIDRAJA,JOSEMAR  RODRIGUES ALIMENTOS E DERIVADOS LTDA,MIO BEBIDAS,MUNDIAL FISH INDUSTRIA COMERCIO E IMPORTACAO LTDA,60 filtros","16.021-345,16.058-703,16.015-090,16.015-085,16.072-125,16.026-005,16.018-410,16.018-305,16.010-090,16.020-050,16.129-899,16.018-000,16.025-285,16.020-265,16.015-460,16.050-480,16.013-040,16.013-312,16.058-703,16.021-345,16.058-703,16.015-090,16.015-085,16.072-125,16.026-005,16.018-410,16.018-305,16.010-090,16.020-050,16.129-899,16.018-000,16.025-285,16.020-265,16.015-460,16.050-480,16.013-040,16.013-312,16.058-703","Comércio Varejista,Indústrias da transformação,Comércio Varejista,Comércio Varejista,Comércio Varejista,Indústrias da transformação,Indústrias da transformação,Comércio Varejista,Restaurantes,Restaurantes,Indústrias da transformação,Comércio Varejista,Comércio Varejista,Indústrias da transformação,Restaurantes,Indústrias da transformação,Indústrias da transformação,Comércio Varejista,Comércio Varejista,Indústrias da transformação,Comércio Varejista,Indústrias da transformação,Comércio Varejista,Comércio Varejista,Comércio Varejista,Indústrias da transformação,Indústrias da transformação,Comércio Varejista,Restaurantes,Restaurantes,Indústrias da transformação,Comércio Varejista,Comércio Varejista,Indústrias da transformação,Restaurantes,Indústrias da transformação,Indústrias da transformação,Comércio Varejista,Comércio Varejista,Indústrias da transformação"
itapetininga,4,,"USINA VISTA ALEGRE,M  S SUPERMERCADO,PAULISPAN,EMPORIO SAO JOSE 1,SUPERMERCADO LOBAO,SUPERMERCADO POLITEL,SUPERMERCADO ROBERTO,F F SUPERMERCADO LTDA,SUPERMERCADO DIA,AGROPECUARIA SANTA RITA DE ITAPETININGA LTDA,SUPERMERCADO ROMA,EMPORIO ALBERTO,MMFIT SUPLEMENTOS LTDA,CASA  CIA,SUPERMERCADO FELICIANO ITAPETININGA LTDA,PADARIA SAO JOAO I,FARINILLA,SUPERMERCADO LM,CERVEJARIA PINELLI,MEGA CHOCOLATES ITAPETININGA LTDA,USINA VISTA ALEGRE,M  S SUPERMERCADO,PAULISPAN,EMPORIO SAO JOSE 1,SUPERMERCADO LOBAO,SUPERMERCADO POLITEL,SUPERMERCADO ROBERTO,F F SUPERMERCADO LTDA,SUPERMERCADO DIA,AGROPECUARIA SANTA RITA DE ITAPETININGA LTDA,SUPERMERCADO ROMA,EMPORIO ALBERTO,MMFIT SUPLEMENTOS LTDA,CASA  CIA,SUPERMERCADO FELICIANO ITAPETININGA LTDA,PADARIA SAO JOAO I,FARINILLA,SUPERMERCADO LM,CERVEJARIA PINELLI,MEGA CHOCOLATES ITAPETININGA LTDA,60 filtros","18.209-600,18.200-320,18.214-450,18.205-734,18.203-240,18.200-354,18.213-170,18.200-350,18.208-080,18.208-672,18.200-035,18.200-160,18.200-354,18.211-130,18.200-185,18.209-205,18.209-110,18.207-330,18.200-358,18.209-600,18.200-320,18.214-450,18.205-734,18.203-240,18.200-354,18.213-170,18.200-350,18.208-080,18.208-672,18.200-035,18.200-160,18.200-354,18.211-130,18.200-185,18.209-205,18.209-110,18.207-330,18.200-358","Indústrias da transformação,Comércio Varejista,Indústrias da transformação,Comércio Varejista,Comércio Varejista,Comércio Varejista,Comércio Varejista,Comércio Varejista,Comércio Varejista,Comércio Varejista,Comércio Varejista,Comércio Varejista,Comércio Varejista,Comércio Varejista,Comércio Varejista,Comércio Varejista,Indústrias da transformação,Comércio Varejista,Indústrias da transformação,Comércio Varejista,Indústrias da transformação,Comércio Varejista,Indústrias da transformação,Comércio Varejista,Comércio Varejista,Comércio Varejista,Comércio Varejista,Comércio Varejista,Comércio Varejista,Comércio Varejista,Comércio Varejista,Comércio Varejista,Comércio Varejista,Comércio Varejista,Comércio Varejista,Comércio Varejista,Indústrias da transformação,Comércio Varejista,Indústrias da transformação,Comércio Varejista"
itapetininga,5,,"USINA VISTA ALEGRE,M  S SUPERMERCADO,PAULISPAN,EMPORIO SAO JOSE 1,SUPERMERCADO LOBAO,SUPERMERCADO POLITEL,SUPERMERCADO ROBERTO,F F SUPERMERCADO LTDA,SUPERMERCADO DIA,AGROPECUARIA SANTA RITA DE ITAPETININGA LTDA,SUPERMERCADO ROMA,EMPORIO ALBERTO,MMFIT SUPLEMENTOS LTDA,CASA  CIA,SUPERMERCADO FELICIANO ITAPETININGA LTDA,PADARIA SAO JOAO I,FARINILLA,SUPERMERCADO LM,CERVEJARIA PINELLI,MEGA CHOCOLATES ITAPETININGA LTDA,USINA VISTA ALEGRE,M  S SUPERMERCADO,PAULISPAN,EMPORIO SAO JOSE 1,SUPERMERCADO LOBAO,SUPERMERCADO POLITEL,SUPERMERCADO ROBERTO,F F SUPERMERCADO LTDA,SUPERMERCADO DIA,AGROPECUARIA SANTA RITA DE ITAPETININGA LTDA,SUPERMERCADO ROMA,EMPORIO ALBERTO,MMFIT SUPLEMENTOS LTDA,CASA  CIA,SUPERMERCADO FELICIANO ITAPETININGA LTDA,PADARIA SAO JOAO I,FARINILLA,SUPERMERCADO LM,CERVEJARIA PINELLI,MEGA CHOCOLATES ITAPETININGA LTDA,60 filtros","18.209-600,18.200-320,18.214-450,18.205-734,18.203-240,18.200-354,18.213-170,18.200-350,18.208-080,18.208-672,18.200-035,18.200-160,18.200-354,18.211-130,18.200-185,18.209-205,18.209-110,18.207-330,18.200-358,18.209-600,18.200-320,18.214-450,18.205-734,18.203-240,18.200-354,18.213-170,18.200-350,18.208-080,18.208-672,18.200-035,18.200-160,18.200-354,18.211-130,18.200-185,18.209-205,18.209-110,18.207-330,18.200-358","Indústrias da transformação,Comércio Varejista,Indústrias da transformação,Comércio Varejista,Comércio Varejista,Comércio Varejista,Comércio Varejista,Comércio Varejista,Comércio Varejista,Comércio Varejista,Comércio Varejista,Comércio Varejista,Comércio Varejista,Comércio Varejista,Comércio Varejista,Comércio Varejista,Indústrias da transformação,Comércio Varejista,Indústrias da transformação,Comércio Varejista,Indústrias da transformação,Comércio Varejista,Indústrias da transformação,Comércio Varejista,Comércio Varejista,Comércio Varejista,Comércio Varejista,Comércio Varejista,Comércio Varejista,Comércio Varejista,Comércio Varejista,Comércio Varejista,Comércio Varejista,Comércio Varejista,Comércio Varejista,Comércio Varejista,Indústrias da transformação,Comércio Varejista,Indústrias da transformação,Comércio Varejista"
piracicaba,1,,"LALLEMAND SOLUCOES BIOLOGICAS LTDA,BOM PEIXE,FRIUNA ALIMENTOS LTDA,SUPERMERCADO DELTA MAX LTDA,FRIGORIFICO ANGELELLI,LOOP INDUSTRIA E COMERCIO DE PRODUTOS ALIMENTICIOS LTDA,MAGTLEC Z,CAPUAVA INDUSTRIA E COMERCIO LTDA,GOMES  ANTUNES REFEICOES COLETIVAS LTDA,NUTRICESTA COMERCIO DE ALIMENTOS LTDA,MINI MERCADO J J R LTDA,BEIRA RIO COMERCIO EXPORTACAO E IMPORTACAO DE PRODUTOS ALIMENTICIOS LTDA,FAG INDUSTRIA E COMERCIO DE BEBIDAS LTDA,TORREFACOES NOIVACOLINENSES LTDA,INOVA SUPER SUPERMERCADOS LTDA,GJK SHOPPING,TOCA DOS PEIXES,BBL BRAZILIAN BEVERAGES  LIQUOR LTDA,ALTO GIRO SUPERMERCADOS,ALTO GIRO SUPERMERCADOS,LALLEMAND SOLUCOES BIOLOGICAS LTDA,BOM PEIXE,FRIUNA ALIMENTOS LTDA,SUPERMERCADO DELTA MAX LTDA,FRIGORIFICO ANGELELLI,LOOP INDUSTRIA E COMERCIO DE PRODUTOS ALIMENTICIOS LTDA,MAGTLEC Z,CAPUAVA INDUSTRIA E COMERCIO LTDA,GOMES  ANTUNES REFEICOES COLETIVAS LTDA,NUTRICESTA COMERCIO DE ALIMENTOS LTDA,MINI MERCADO J J R LTDA,BEIRA RIO COMERCIO EXPORTACAO E IMPORTACAO DE PRODUTOS ALIMENTICIOS LTDA,FAG INDUSTRIA E COMERCIO DE BEBIDAS LTDA,TORREFACOES NOIVACOLINENSES LTDA,INOVA SUPER SUPERMERCADOS LTDA,GJK SHOPPING,TOCA DOS PEIXES,BBL BRAZILIAN BEVERAGES  LIQUOR LTDA,ALTO GIRO SUPERMERCADOS,ALTO GIRO SUPERMERCADOS,60 filtros","13.432-700,13.422-160,13.405-459,13.414-040,13.411-142,13.427-225,13.402-704,13.413-050,13.417-560,13.403-160,13.424-060,13.401-050,13.415-000,13.422-020,13.408-072,13.424-780,13.419-055,13.413-050,13.426-583,13.402-234,13.432-700,13.422-160,13.405-459,13.414-040,13.411-142,13.427-225,13.402-704,13.413-050,13.417-560,13.403-160,13.424-060,13.401-050,13.415-000,13.422-020,13.408-072,13.424-780,13.419-055,13.413-050,13.426-583,13.402-234","Indústrias da transformação,Indústrias da transformação,Indústrias da transformação,Comércio Varejista,Indústrias da transformação,Indústrias da transformação,Indústrias da transformação,Indústrias da transformação,Restaurantes,Comércio Varejista,Comércio Varejista,Comércio Varejista,Indústrias da transformação,Indústrias da transformação,Comércio Varejista,Comércio Varejista,Comércio Varejista,Indústrias da transformação,Comércio Varejista,Comércio Varejista,Indústrias da transformação,Indústrias da transformação,Indústrias da transformação,Comércio Varejista,Indústrias da transformação,Indústrias da transformação,Indústrias da transformação,Indústrias da transformação,Restaurantes,Comércio Varejista,Comércio Varejista,Comércio Varejista,Indústrias da transformação,Indústrias da transformação,Comércio Varejista,Comércio Varejista,Comércio Varejista,Indústrias da transformação,Comércio Varejista,Comércio Varejista"
piracicaba,3,,"LALLEMAND SOLUCOES BIOLOGICAS LTDA,BOM PEIXE,FRIUNA ALIMENTOS LTDA,SUPERMERCADO DELTA MAX LTDA,FRIGORIFICO ANGELELLI,LOOP INDUSTRIA E COMERCIO DE PRODUTOS ALIMENTICIOS LTDA,MAGTLEC Z,CAPUAVA INDUSTRIA E COMERCIO LTDA,GOMES  ANTUNES REFEICOES COLETIVAS LTDA,NUTRICESTA COMERCIO DE ALIMENTOS LTDA,MINI MERCADO J J R LTDA,BEIRA RIO COMERCIO EXPORTACAO E IMPORTACAO DE PRODUTOS ALIMENTICIOS LTDA,FAG INDUSTRIA E COMERCIO DE BEBIDAS LTDA,TORREFACOES NOIVACOLINENSES LTDA,INOVA SUPER SUPERMERCADOS LTDA,GJK SHOPPING,TOCA DOS PEIXES,BBL BRAZILIAN BEVERAGES  LIQUOR LTDA,ALTO GIRO SUPERMERCADOS,ALTO GIRO SUPERMERCADOS,LALLEMAND SOLUCOES BIOLOGICAS LTDA,BOM PEIXE,FRIUNA ALIMENTOS LTDA,SUPERMERCADO DELTA MAX LTDA,FRIGORIFICO ANGELELLI,LOOP INDUSTRIA E COMERCIO DE PRODUTOS ALIMENTICIOS LTDA,MAGTLEC Z,CAPUAVA INDUSTRIA E COMERCIO LTDA,GOMES  ANTUNES REFEICOES COLETIVAS LTDA,NUTRICESTA COMERCIO DE ALIMENTOS LTDA,MINI MERCADO J J R LTDA,BEIRA RIO COMERCIO EXPORTACAO E IMPORTACAO DE PRODUTOS ALIMENTICIOS LTDA,FAG INDUSTRIA E COMERCIO DE BEBIDAS LTDA,TORREFACOES NOIVACOLINENSES LTDA,INOVA SUPER SUPERMERCADOS LTDA,GJK SHOPPING,TOCA DOS PEIXES,BBL BRAZILIAN BEVERAGES  LIQUOR LTDA,ALTO GIRO SUPERMERCADOS,ALTO GIRO SUPERMERCADOS,60 filtros","13.432-700,13.422-160,13.405-459,13.414-040,13.411-142,13.427-225,13.402-704,13.413-050,13.417-560,13.403-160,13.424-060,13.401-050,13.415-000,13.422-020,13.408-072,13.424-780,13.419-055,13.413-050,13.426-583,13.402-234,13.432-700,13.422-160,13.405-459,13.414-040,13.411-142,13.427-225,13.402-704,13.413-050,13.417-560,13.403-160,13.424-060,13.401-050,13.415-000,13.422-020,13.408-072,13.424-780,13.419-055,13.413-050,13.426-583,13.402-234","Indústrias da transformação,Indústrias da transformação,Indústrias da transformação,Comércio Varejista,Indústrias da transformação,Indústrias da transformação,Indústrias da transformação,Indústrias da transformação,Restaurantes,Comércio Varejista,Comércio Varejista,Comércio Varejista,Indústrias da transformação,Indústrias da transformação,Comércio Varejista,Comércio Varejista,Comércio Varejista,Indústrias da transformação,Comércio Varejista,Comércio Varejista,Indústrias da transformação,Indústrias da transformação,Indústrias da transformação,Comércio Varejista,Indústrias da transformação,Indústrias da transformação,Indústrias da transformação,Indústrias da transformação,Restaurantes,Comércio Varejista,Comércio Varejista,Comércio Varejista,Indústrias da transformação,Indústrias da transformação,Comércio Varejista,Comércio Varejista,Comércio Varejista,Indústrias da transformação,Comércio Varejista,Comércio Varejista"
piracicaba,2,,"LALLEMAND SOLUCOES BIOLOGICAS LTDA,BOM PEIXE,FRIUNA ALIMENTOS LTDA,SUPERMERCADO DELTA MAX LTDA,FRIGORIFICO ANGELELLI,LOOP INDUSTRIA E COMERCIO DE PRODUTOS ALIMENTICIOS LTDA,MAGTLEC Z,CAPUAVA INDUSTRIA E COMERCIO LTDA,GOMES  ANTUNES REFEICOES COLETIVAS LTDA,NUTRICESTA COMERCIO DE ALIMENTOS LTDA,MINI MERCADO J J R LTDA,BEIRA RIO COMERCIO EXPORTACAO E IMPORTACAO DE PRODUTOS ALIMENTICIOS LTDA,FAG INDUSTRIA E COMERCIO DE BEBIDAS LTDA,TORREFACOES NOIVACOLINENSES LTDA,INOVA SUPER SUPERMERCADOS LTDA,GJK SHOPPING,TOCA DOS PEIXES,BBL BRAZILIAN BEVERAGES  LIQUOR LTDA,ALTO GIRO SUPERMERCADOS,ALTO GIRO SUPERMERCADOS,LALLEMAND SOLUCOES BIOLOGICAS LTDA,BOM PEIXE,FRIUNA ALIMENTOS LTDA,SUPERMERCADO DELTA MAX LTDA,FRIGORIFICO ANGELELLI,LOOP INDUSTRIA E COMERCIO DE PRODUTOS ALIMENTICIOS LTDA,MAGTLEC Z,CAPUAVA INDUSTRIA E COMERCIO LTDA,GOMES  ANTUNES REFEICOES COLETIVAS LTDA,NUTRICESTA COMERCIO DE ALIMENTOS LTDA,MINI MERCADO J J R LTDA,BEIRA RIO COMERCIO EXPORTACAO E IMPORTACAO DE PRODUTOS ALIMENTICIOS LTDA,FAG INDUSTRIA E COMERCIO DE BEBIDAS LTDA,TORREFACOES NOIVACOLINENSES LTDA,INOVA SUPER SUPERMERCADOS LTDA,GJK SHOPPING,TOCA DOS PEIXES,BBL BRAZILIAN BEVERAGES  LIQUOR LTDA,ALTO GIRO SUPERMERCADOS,ALTO GIRO SUPERMERCADOS,60 filtros","13.432-700,13.422-160,13.405-459,13.414-040,13.411-142,13.427-225,13.402-704,13.413-050,13.417-560,13.403-160,13.424-060,13.401-050,13.415-000,13.422-020,13.408-072,13.424-780,13.419-055,13.413-050,13.426-583,13.402-234,13.432-700,13.422-160,13.405-459,13.414-040,13.411-142,13.427-225,13.402-704,13.413-050,13.417-560,13.403-160,13.424-060,13.401-050,13.415-000,13.422-020,13.408-072,13.424-780,13.419-055,13.413-050,13.426-583,13.402-234","Indústrias da transformação,Indústrias da transformação,Indústrias da transformação,Comércio Varejista,Indústrias da transformação,Indústrias da transformação,Indústrias da transformação,Indústrias da transformação,Restaurantes,Comércio Varejista,Comércio Varejista,Comércio Varejista,Indústrias da transformação,Indústrias da transformação,Comércio Varejista,Comércio Varejista,Comércio Varejista,Indústrias da transformação,Comércio Varejista,Comércio Varejista,Indústrias da transformação,Indústrias da transformação,Indústrias da transformação,Comércio Varejista,Indústrias da transformação,Indústrias da transformação,Indústrias da transformação,Indústrias da transformação,Restaurantes,Comércio Varejista,Comércio Varejista,Comércio Varejista,Indústrias da transformação,Indústrias da transformação,Comércio Varejista,Comércio Varejista,Comércio Varejista,Indústrias da transformação,Comércio Varejista,Comércio Varejista"
araraquara,2,,"CENTRO ADMINISTRATIVO,USINA MARINGA INDUSTRIA E COMERCIO LTDA EM RECUPERACAO JUDICIAL,LM ROSA,COOPERATIVA DE TRABALHO E SERVICOS DE ALIMENTACAO PANELAS UNIDAS,DOD COMERCIAL DE ALIMENTOS LTDA,CASA DELIZA LTDA,COMERCIO DE FRUTAS PASSARINHO DE ARARAQUARA LTDA,PATREZAO COMERCIO DE HORTIFRUTI LTDA,SUPERMERCADO 14 LTDA,VILACOPOS,INDUSTRIA DE MASSAS SANTA ERNESTINA LTDA,ENJOY ALIMENTACAO PLANEJADA LTDA,RESTAURANTE E LANCHONETE PAU SECO LTDA,MARKETCON CONVENIENCIA INTELIGENTE LTDA,SUPERMERCADO LAGO LTDA,EMPORIO CAMARGO ARARAQUARA LTDA,L C MARTINS LTDA,FORMENTON SUPERMERCADOS,BELLA FONTE,DOIS VINTENS,CENTRO ADMINISTRATIVO,USINA MARINGA INDUSTRIA E COMERCIO LTDA EM RECUPERACAO JUDICIAL,LM ROSA,COOPERATIVA DE TRABALHO E SERVICOS DE ALIMENTACAO PANELAS UNIDAS,DOD COMERCIAL DE ALIMENTOS LTDA,CASA DELIZA LTDA,COMERCIO DE FRUTAS PASSARINHO DE ARARAQUARA LTDA,PATREZAO COMERCIO DE HORTIFRUTI LTDA,SUPERMERCADO 14 LTDA,VILACOPOS,INDUSTRIA DE MASSAS SANTA ERNESTINA LTDA,ENJOY ALIMENTACAO PLANEJADA LTDA,RESTAURANTE E LANCHONETE PAU SECO LTDA,MARKETCON CONVENIENCIA INTELIGENTE LTDA,SUPERMERCADO LAGO LTDA,EMPORIO CAMARGO ARARAQUARA LTDA,L C MARTINS LTDA,FORMENTON SUPERMERCADOS,BELLA FONTE,DOIS VINTENS,60 filtros","14.801-139,14.802-027,14.802-300,14.802-000,14.802-412,14.810-289,14.801-190,14.801-425,14.810-095,14.808-130,14.807-309,14.804-304,14.801-762,14.808-238,14.807-066,14.807-000,14.809-280,14.802-386,14.801-206,14.801-139,14.802-027,14.802-300,14.802-000,14.802-412,14.810-289,14.801-190,14.801-425,14.810-095,14.808-130,14.807-309,14.804-304,14.801-762,14.808-238,14.807-066,14.807-000,14.809-280,14.802-386,14.801-206","Indústrias da transformação,Indústrias da transformação,Indústrias da transformação,Indústrias da transformação,Comércio Varejista,Comércio Varejista,Comércio Varejista,Comércio Varejista,Comércio Varejista,Comércio Varejista,Indústrias da transformação,Restaurantes,Restaurantes,Comércio Varejista,Comércio Varejista,Comércio Varejista,Indústrias da transformação,Comércio Varejista,Comércio Varejista,Comércio Varejista,Indústrias da transformação,Indústrias da transformação,Indústrias da transformação,Indústrias da transformação,Comércio Varejista,Comércio Varejista,Comércio Varejista,Comércio Varejista,Comércio Varejista,Comércio Varejista,Indústrias da transformação,Restaurantes,Restaurantes,Comércio Varejista,Comércio Varejista,Comércio Varejista,Indústrias da transformação,Comércio Varejista,Comércio Varejista,Comércio Varejista"
ribeirao-preto,2,,"SANTA HELENA INDUSTRIA DE ALIMENTOS SA,INDUSTRIA DE PRODUTOS ALIMENTICIOS CORY LTDA,ZINHO INDUSTRIA E COMERCIO DE ALIMENTOS LTDA,SUPERMERCADOS BIG COMPRA LTDA,CAFE UTAM,SUPERMERCADOS MIALICH LTDA,ELBEL AB COMERCIO E PARTICIPACOES LTDA,IRPAO FABRICACAO E COMERCIO DE MASSAS ALIMENTICIAS LTDA,CERVEJARIA ARTESANAL PRATINHA LTDA UNIPESSOAL,COCO BAMBU RIBEIRAO PRETO,ELDI SUPERMERCADO,SUPERMERCADO CANESIN,SUPREMA  ALIMENTACAO CORPORATIVA,BAR DO NELSON,GELATO BORELLI,COOP DE CONS FUNC BCO DO BRASIL DE RIB PRETO E REG LTDA,NUTRIONIX BRASIL,DIVAI HOME,BURGER 1  COMERCIO DE ALIMENTOS LTDA,MUSEU DA GULA  COMERCIO DE ALIMENTOS LTDA,SANTA HELENA INDUSTRIA DE ALIMENTOS SA,INDUSTRIA DE PRODUTOS ALIMENTICIOS CORY LTDA,ZINHO INDUSTRIA E COMERCIO DE ALIMENTOS LTDA,SUPERMERCADOS BIG COMPRA LTDA,CAFE UTAM,SUPERMERCADOS MIALICH LTDA,ELBEL AB COMERCIO E PARTICIPACOES LTDA,IRPAO FABRICACAO E COMERCIO DE MASSAS ALIMENTICIAS LTDA,CERVEJARIA ARTESANAL PRATINHA LTDA UNIPESSOAL,COCO BAMBU RIBEIRAO PRETO,ELDI SUPERMERCADO,SUPERMERCADO CANESIN,SUPREMA  ALIMENTACAO CORPORATIVA,BAR DO NELSON,GELATO BORELLI,COOP DE CONS FUNC BCO DO BRASIL DE RIB PRETO E REG LTDA,NUTRIONIX BRASIL,DIVAI HOME,BURGER 1  COMERCIO DE ALIMENTOS LTDA,MUSEU DA GULA  COMERCIO DE ALIMENTOS LTDA,60 filtros","14.075-350,14.095-280,14.077-440,14.065-220,14.095-230,14.077-230,14.027-095,14.095-230,14.030-000,14.027-250,14.066-421,14.020-733,14.021-630,14.015-130,14.051-260,14.010-000,14.025-390,14.025-320,14.075-350,14.095-280,14.077-440,14.065-220,14.095-230,14.077-230,14.027-095,14.095-230,14.030-000,14.027-250,14.066-421,14.020-733,14.021-630,14.015-130,14.051-260,14.010-000,14.025-390,14.025-320","Indústrias da transformação,Indústrias da transformação,Indústrias da transformação,Comércio Varejista,Indústrias da transformação,Comércio Varejista,Comércio Varejista,Indústrias da transformação,Indústrias da transformação,Restaurantes,Comércio Varejista,Comércio Varejista,Restaurantes,Comércio Varejista,Restaurantes,Comércio Varejista,Indústrias da transformação,Comércio Varejista,Restaurantes,Comércio Varejista,Indústrias da transformação,Indústrias da transformação,Indústrias da transformação,Comércio Varejista,Indústrias da transformação,Comércio Varejista,Comércio Varejista,Indústrias da transformação,Indústrias da transformação,Restaurantes,Comércio Varejista,Comércio Varejista,Restaurantes,Comércio Varejista,Restaurantes,Comércio Varejista,Indústrias da transformação,Comércio Varejista,Restaurantes,Comércio Varejista"
piracicaba,5,,"LALLEMAND SOLUCOES BIOLOGICAS LTDA,BOM PEIXE,FRIUNA ALIMENTOS LTDA,SUPERMERCADO DELTA MAX LTDA,FRIGORIFICO ANGELELLI,LOOP INDUSTRIA E COMERCIO DE PRODUTOS ALIMENTICIOS LTDA,MAGTLEC Z,CAPUAVA INDUSTRIA E COMERCIO LTDA,GOMES  ANTUNES REFEICOES COLETIVAS LTDA,NUTRICESTA COMERCIO DE ALIMENTOS LTDA,MINI MERCADO J J R LTDA,BEIRA RIO COMERCIO EXPORTACAO E IMPORTACAO DE PRODUTOS ALIMENTICIOS LTDA,FAG INDUSTRIA E COMERCIO DE BEBIDAS LTDA,TORREFACOES NOIVACOLINENSES LTDA,INOVA SUPER SUPERMERCADOS LTDA,GJK SHOPPING,TOCA DOS PEIXES,BBL BRAZILIAN BEVERAGES  LIQUOR LTDA,ALTO GIRO SUPERMERCADOS,ALTO GIRO SUPERMERCADOS,LALLEMAND SOLUCOES BIOLOGICAS LTDA,BOM PEIXE,FRIUNA ALIMENTOS LTDA,SUPERMERCADO DELTA MAX LTDA,FRIGORIFICO ANGELELLI,LOOP INDUSTRIA E COMERCIO DE PRODUTOS ALIMENTICIOS LTDA,MAGTLEC Z,CAPUAVA INDUSTRIA E COMERCIO LTDA,GOMES  ANTUNES REFEICOES COLETIVAS LTDA,NUTRICESTA COMERCIO DE ALIMENTOS LTDA,MINI MERCADO J J R LTDA,BEIRA RIO COMERCIO EXPORTACAO E IMPORTACAO DE PRODUTOS ALIMENTICIOS LTDA,FAG INDUSTRIA E COMERCIO DE BEBIDAS LTDA,TORREFACOES NOIVACOLINENSES LTDA,INOVA SUPER SUPERMERCADOS LTDA,GJK SHOPPING,TOCA DOS PEIXES,BBL BRAZILIAN BEVERAGES  LIQUOR LTDA,ALTO GIRO SUPERMERCADOS,ALTO GIRO SUPERMERCADOS,60 filtros","13.432-700,13.422-160,13.405-459,13.414-040,13.411-142,13.427-225,13.402-704,13.413-050,13.417-560,13.403-160,13.424-060,13.401-050,13.415-000,13.422-020,13.408-072,13.424-780,13.419-055,13.413-050,13.426-583,13.402-234,13.432-700,13.422-160,13.405-459,13.414-040,13.411-142,13.427-225,13.402-704,13.413-050,13.417-560,13.403-160,13.424-060,13.401-050,13.415-000,13.422-020,13.408-072,13.424-780,13.419-055,13.413-050,13.426-583,13.402-234","Indústrias da transformação,Indústrias da transformação,Indústrias da transformação,Comércio Varejista,Indústrias da transformação,Indústrias da transformação,Indústrias da transformação,Indústrias da transformação,Restaurantes,Comércio Varejista,Comércio Varejista,Comércio Varejista,Indústrias da transformação,Indústrias da transformação,Comércio Varejista,Comércio Varejista,Comércio Varejista,Indústrias da transformação,Comércio Varejista,Comércio Varejista,Indústrias da transformação,Indústrias da transformação,Indústrias da transformação,Comércio Varejista,Indústrias da transformação,Indústrias da transformação,Indústrias da transformação,Indústrias da transformação,Restaurantes,Comércio Varejista,Comércio Varejista,Comércio Varejista,Indústrias da transformação,Indústrias da transformação,Comércio Varejista,Comércio Varejista,Comércio Varejista,Indústrias da transformação,Comércio Varejista,Comércio Varejista"
araraquara,1,,"CENTRO ADMINISTRATIVO,USINA MARINGA INDUSTRIA E COMERCIO LTDA EM RECUPERACAO JUDICIAL,LM ROSA,COOPERATIVA DE TRABALHO E SERVICOS DE ALIMENTACAO PANELAS UNIDAS,DOD COMERCIAL DE ALIMENTOS LTDA,CASA DELIZA LTDA,COMERCIO DE FRUTAS PASSARINHO DE ARARAQUARA LTDA,PATREZAO COMERCIO DE HORTIFRUTI LTDA,SUPERMERCADO 14 LTDA,VILACOPOS,INDUSTRIA DE MASSAS SANTA ERNESTINA LTDA,ENJOY ALIMENTACAO PLANEJADA LTDA,RESTAURANTE E LANCHONETE PAU SECO LTDA,MARKETCON CONVENIENCIA INTELIGENTE LTDA,SUPERMERCADO LAGO LTDA,EMPORIO CAMARGO ARARAQUARA LTDA,L C MARTINS LTDA,FORMENTON SUPERMERCADOS,BELLA FONTE,DOIS VINTENS,CENTRO ADMINISTRATIVO,USINA MARINGA INDUSTRIA E COMERCIO LTDA EM RECUPERACAO JUDICIAL,LM ROSA,COOPERATIVA DE TRABALHO E SERVICOS DE ALIMENTACAO PANELAS UNIDAS,DOD COMERCIAL DE ALIMENTOS LTDA,CASA DELIZA LTDA,COMERCIO DE FRUTAS PASSARINHO DE ARARAQUARA LTDA,PATREZAO COMERCIO DE HORTIFRUTI LTDA,SUPERMERCADO 14 LTDA,VILACOPOS,INDUSTRIA DE MASSAS SANTA ERNESTINA LTDA,ENJOY ALIMENTACAO PLANEJADA LTDA,RESTAURANTE E LANCHONETE PAU SECO LTDA,MARKETCON CONVENIENCIA INTELIGENTE LTDA,SUPERMERCADO LAGO LTDA,EMPORIO CAMARGO ARARAQUARA LTDA,L C MARTINS LTDA,FORMENTON SUPERMERCADOS,BELLA FONTE,DOIS VINTENS,60 filtros","14.801-139,14.802-027,14.802-300,14.802-000,14.802-412,14.810-289,14.801-190,14.801-425,14.810-095,14.808-130,14.807-309,14.804-304,14.801-762,14.808-238,14.807-066,14.807-000,14.809-280,14.802-386,14.801-206,14.801-139,14.802-027,14.802-300,14.802-000,14.802-412,14.810-289,14.801-190,14.801-425,14.810-095,14.808-130,14.807-309,14.804-304,14.801-762,14.808-238,14.807-066,14.807-000,14.809-280,14.802-386,14.801-206","Indústrias da transformação,Indústrias da transformação,Indústrias da transformação,Indústrias da transformação,Comércio Varejista,Comércio Varejista,Comércio Varejista,Comércio Varejista,Comércio Varejista,Comércio Varejista,Indústrias da transformação,Restaurantes,Restaurantes,Comércio Varejista,Comércio Varejista,Comércio Varejista,Indústrias da transformação,Comércio Varejista,Comércio Varejista,Comércio Varejista,Indústrias da transformação,Indústrias da transformação,Indústrias da transformação,Indústrias da transformação,Comércio Varejista,Comércio Varejista,Comércio Varejista,Comércio Varejista,Comércio Varejista,Comércio Varejista,Indústrias da transformação,Restaurantes,Restaurantes,Comércio Varejista,Comércio Varejista,Comércio Varejista,Indústrias da transformação,Comércio Varejista,Comércio Varejista,Comércio Varejista"
araraquara,3,,"CENTRO ADMINISTRATIVO,USINA MARINGA INDUSTRIA E COMERCIO LTDA EM RECUPERACAO JUDICIAL,LM ROSA,COOPERATIVA DE TRABALHO E SERVICOS DE ALIMENTACAO PANELAS UNIDAS,DOD COMERCIAL DE ALIMENTOS LTDA,CASA DELIZA LTDA,COMERCIO DE FRUTAS PASSARINHO DE ARARAQUARA LTDA,PATREZAO COMERCIO DE HORTIFRUTI LTDA,SUPERMERCADO 14 LTDA,VILACOPOS,INDUSTRIA DE MASSAS SANTA ERNESTINA LTDA,ENJOY ALIMENTACAO PLANEJADA LTDA,RESTAURANTE E LANCHONETE PAU SECO LTDA,MARKETCON CONVENIENCIA INTELIGENTE LTDA,SUPERMERCADO LAGO LTDA,EMPORIO CAMARGO ARARAQUARA LTDA,L C MARTINS LTDA,FORMENTON SUPERMERCADOS,BELLA FONTE,DOIS VINTENS,CENTRO ADMINISTRATIVO,USINA MARINGA INDUSTRIA E COMERCIO LTDA EM RECUPERACAO JUDICIAL,LM ROSA,COOPERATIVA DE TRABALHO E SERVICOS DE ALIMENTACAO PANELAS UNIDAS,DOD COMERCIAL DE ALIMENTOS LTDA,CASA DELIZA LTDA,COMERCIO DE FRUTAS PASSARINHO DE ARARAQUARA LTDA,PATREZAO COMERCIO DE HORTIFRUTI LTDA,SUPERMERCADO 14 LTDA,VILACOPOS,INDUSTRIA DE MASSAS SANTA ERNESTINA LTDA,ENJOY ALIMENTACAO PLANEJADA LTDA,RESTAURANTE E LANCHONETE PAU SECO LTDA,MARKETCON CONVENIENCIA INTELIGENTE LTDA,SUPERMERCADO LAGO LTDA,EMPORIO CAMARGO ARARAQUARA LTDA,L C MARTINS LTDA,FORMENTON SUPERMERCADOS,BELLA FONTE,DOIS VINTENS,60 filtros","14.801-139,14.802-027,14.802-300,14.802-000,14.802-412,14.810-289,14.801-190,14.801-425,14.810-095,14.808-130,14.807-309,14.804-304,14.801-762,14.808-238,14.807-066,14.807-000,14.809-280,14.802-386,14.801-206,14.801-139,14.802-027,14.802-300,14.802-000,14.802-412,14.810-289,14.801-190,14.801-425,14.810-095,14.808-130,14.807-309,14.804-304,14.801-762,14.808-238,14.807-066,14.807-000,14.809-280,14.802-386,14.801-206","Indústrias da transformação,Indústrias da transformação,Indústrias da transformação,Indústrias da transformação,Comércio Varejista,Comércio Varejista,Comércio Varejista,Comércio Varejista,Comércio Varejista,Comércio Varejista,Indústrias da transformação,Restaurantes,Restaurantes,Comércio Varejista,Comércio Varejista,Comércio Varejista,Indústrias da transformação,Comércio Varejista,Comércio Varejista,Comércio Varejista,Indústrias da transformação,Indústrias da transformação,Indústrias da transformação,Indústrias da transformação,Comércio Varejista,Comércio Varejista,Comércio Varejista,Comércio Varejista,Comércio Varejista,Comércio Varejista,Indústrias da transformação,Restaurantes,Restaurantes,Comércio Varejista,Comércio Varejista,Comércio Varejista,Indústrias da transformação,Comércio Varejista,Comércio Varejista,Comércio Varejista"
piracicaba,4,,"LALLEMAND SOLUCOES BIOLOGICAS LTDA,BOM PEIXE,FRIUNA ALIMENTOS LTDA,SUPERMERCADO DELTA MAX LTDA,FRIGORIFICO ANGELELLI,LOOP INDUSTRIA E COMERCIO DE PRODUTOS ALIMENTICIOS LTDA,MAGTLEC Z,CAPUAVA INDUSTRIA E COMERCIO LTDA,GOMES  ANTUNES REFEICOES COLETIVAS LTDA,NUTRICESTA COMERCIO DE ALIMENTOS LTDA,MINI MERCADO J J R LTDA,BEIRA RIO COMERCIO EXPORTACAO E IMPORTACAO DE PRODUTOS ALIMENTICIOS LTDA,FAG INDUSTRIA E COMERCIO DE BEBIDAS LTDA,TORREFACOES NOIVACOLINENSES LTDA,INOVA SUPER SUPERMERCADOS LTDA,GJK SHOPPING,TOCA DOS PEIXES,BBL BRAZILIAN BEVERAGES  LIQUOR LTDA,ALTO GIRO SUPERMERCADOS,ALTO GIRO SUPERMERCADOS,LALLEMAND SOLUCOES BIOLOGICAS LTDA,BOM PEIXE,FRIUNA ALIMENTOS LTDA,SUPERMERCADO DELTA MAX LTDA,FRIGORIFICO ANGELELLI,LOOP INDUSTRIA E COMERCIO DE PRODUTOS ALIMENTICIOS LTDA,MAGTLEC Z,CAPUAVA INDUSTRIA E COMERCIO LTDA,GOMES  ANTUNES REFEICOES COLETIVAS LTDA,NUTRICESTA COMERCIO DE ALIMENTOS LTDA,MINI MERCADO J J R LTDA,BEIRA RIO COMERCIO EXPORTACAO E IMPORTACAO DE PRODUTOS ALIMENTICIOS LTDA,FAG INDUSTRIA E COMERCIO DE BEBIDAS LTDA,TORREFACOES NOIVACOLINENSES LTDA,INOVA SUPER SUPERMERCADOS LTDA,GJK SHOPPING,TOCA DOS PEIXES,BBL BRAZILIAN BEVERAGES  LIQUOR LTDA,ALTO GIRO SUPERMERCADOS,ALTO GIRO SUPERMERCADOS,60 filtros","13.432-700,13.422-160,13.405-459,13.414-040,13.411-142,13.427-225,13.402-704,13.413-050,13.417-560,13.403-160,13.424-060,13.401-050,13.415-000,13.422-020,13.408-072,13.424-780,13.419-055,13.413-050,13.426-583,13.402-234,13.432-700,13.422-160,13.405-459,13.414-040,13.411-142,13.427-225,13.402-704,13.413-050,13.417-560,13.403-160,13.424-060,13.401-050,13.415-000,13.422-020,13.408-072,13.424-780,13.419-055,13.413-050,13.426-583,13.402-234","Indústrias da transformação,Indústrias da transformação,Indústrias da transformação,Comércio Varejista,Indústrias da transformação,Indústrias da transformação,Indústrias da transformação,Indústrias da transformação,Restaurantes,Comércio Varejista,Comércio Varejista,Comércio Varejista,Indústrias da transformação,Indústrias da transformação,Comércio Varejista,Comércio Varejista,Comércio Varejista,Indústrias da transformação,Comércio Varejista,Comércio Varejista,Indústrias da transformação,Indústrias da transformação,Indústrias da transformação,Comércio Varejista,Indústrias da transformação,Indústrias da transformação,Indústrias da transformação,Indústrias da transformação,Restaurantes,Comércio Varejista,Comércio Varejista,Comércio Varejista,Indústrias da transformação,Indústrias da transformação,Comércio Varejista,Comércio Varejista,Comércio Varejista,Indústrias da transformação,Comércio Varejista,Comércio Varejista"
araraquara,4,,"CENTRO ADMINISTRATIVO,USINA MARINGA INDUSTRIA E COMERCIO LTDA EM RECUPERACAO JUDICIAL,LM ROSA,COOPERATIVA DE TRABALHO E SERVICOS DE ALIMENTACAO PANELAS UNIDAS,DOD COMERCIAL DE ALIMENTOS LTDA,CASA DELIZA LTDA,COMERCIO DE FRUTAS PASSARINHO DE ARARAQUARA LTDA,PATREZAO COMERCIO DE HORTIFRUTI LTDA,SUPERMERCADO 14 LTDA,VILACOPOS,INDUSTRIA DE MASSAS SANTA ERNESTINA LTDA,ENJOY ALIMENTACAO PLANEJADA LTDA,RESTAURANTE E LANCHONETE PAU SECO LTDA,MARKETCON CONVENIENCIA INTELIGENTE LTDA,SUPERMERCADO LAGO LTDA,EMPORIO CAMARGO ARARAQUARA LTDA,L C MARTINS LTDA,FORMENTON SUPERMERCADOS,BELLA FONTE,DOIS VINTENS,CENTRO ADMINISTRATIVO,USINA MARINGA INDUSTRIA E COMERCIO LTDA EM RECUPERACAO JUDICIAL,LM ROSA,COOPERATIVA DE TRABALHO E SERVICOS DE ALIMENTACAO PANELAS UNIDAS,DOD COMERCIAL DE ALIMENTOS LTDA,CASA DELIZA LTDA,COMERCIO DE FRUTAS PASSARINHO DE ARARAQUARA LTDA,PATREZAO COMERCIO DE HORTIFRUTI LTDA,SUPERMERCADO 14 LTDA,VILACOPOS,INDUSTRIA DE MASSAS SANTA ERNESTINA LTDA,ENJOY ALIMENTACAO PLANEJADA LTDA,RESTAURANTE E LANCHONETE PAU SECO LTDA,MARKETCON CONVENIENCIA INTELIGENTE LTDA,SUPERMERCADO LAGO LTDA,EMPORIO CAMARGO ARARAQUARA LTDA,L C MARTINS LTDA,FORMENTON SUPERMERCADOS,BELLA FONTE,DOIS VINTENS,60 filtros","14.801-139,14.802-027,14.802-300,14.802-000,14.802-412,14.810-289,14.801-190,14.801-425,14.810-095,14.808-130,14.807-309,14.804-304,14.801-762,14.808-238,14.807-066,14.807-000,14.809-280,14.802-386,14.801-206,14.801-139,14.802-027,14.802-300,14.802-000,14.802-412,14.810-289,14.801-190,14.801-425,14.810-095,14.808-130,14.807-309,14.804-304,14.801-762,14.808-238,14.807-066,14.807-000,14.809-280,14.802-386,14.801-206","Indústrias da transformação,Indústrias da transformação,Indústrias da transformação,Indústrias da transformação,Comércio Varejista,Comércio Varejista,Comércio Varejista,Comércio Varejista,Comércio Varejista,Comércio Varejista,Indústrias da transformação,Restaurantes,Restaurantes,Comércio Varejista,Comércio Varejista,Comércio Varejista,Indústrias da transformação,Comércio Varejista,Comércio Varejista,Comércio Varejista,Indústrias da transformação,Indústrias da transformação,Indústrias da transformação,Indústrias da transformação,Comércio Varejista,Comércio Varejista,Comércio Varejista,Comércio Varejista,Comércio Varejista,Comércio Varejista,Indústrias da transformação,Restaurantes,Restaurantes,Comércio Varejista,Comércio Varejista,Comércio Varejista,Indústrias da transformação,Comércio Varejista,Comércio Varejista,Comércio Varejista"
araraquara,5,,"CENTRO ADMINISTRATIVO,USINA MARINGA INDUSTRIA E COMERCIO LTDA EM RECUPERACAO JUDICIAL,LM ROSA,COOPERATIVA DE TRABALHO E SERVICOS DE ALIMENTACAO PANELAS UNIDAS,DOD COMERCIAL DE ALIMENTOS LTDA,CASA DELIZA LTDA,COMERCIO DE FRUTAS PASSARINHO DE ARARAQUARA LTDA,PATREZAO COMERCIO DE HORTIFRUTI LTDA,SUPERMERCADO 14 LTDA,VILACOPOS,INDUSTRIA DE MASSAS SANTA ERNESTINA LTDA,ENJOY ALIMENTACAO PLANEJADA LTDA,RESTAURANTE E LANCHONETE PAU SECO LTDA,MARKETCON CONVENIENCIA INTELIGENTE LTDA,SUPERMERCADO LAGO LTDA,EMPORIO CAMARGO ARARAQUARA LTDA,L C MARTINS LTDA,FORMENTON SUPERMERCADOS,BELLA FONTE,DOIS VINTENS,CENTRO ADMINISTRATIVO,USINA MARINGA INDUSTRIA E COMERCIO LTDA EM RECUPERACAO JUDICIAL,LM ROSA,COOPERATIVA DE TRABALHO E SERVICOS DE ALIMENTACAO PANELAS UNIDAS,DOD COMERCIAL DE ALIMENTOS LTDA,CASA DELIZA LTDA,COMERCIO DE FRUTAS PASSARINHO DE ARARAQUARA LTDA,PATREZAO COMERCIO DE HORTIFRUTI LTDA,SUPERMERCADO 14 LTDA,VILACOPOS,INDUSTRIA DE MASSAS SANTA ERNESTINA LTDA,ENJOY ALIMENTACAO PLANEJADA LTDA,RESTAURANTE E LANCHONETE PAU SECO LTDA,MARKETCON CONVENIENCIA INTELIGENTE LTDA,SUPERMERCADO LAGO LTDA,EMPORIO CAMARGO ARARAQUARA LTDA,L C MARTINS LTDA,FORMENTON SUPERMERCADOS,BELLA FONTE,DOIS VINTENS,60 filtros","14.801-139,14.802-027,14.802-300,14.802-000,14.802-412,14.810-289,14.801-190,14.801-425,14.810-095,14.808-130,14.807-309,14.804-304,14.801-762,14.808-238,14.807-066,14.807-000,14.809-280,14.802-386,14.801-206,14.801-139,14.802-027,14.802-300,14.802-000,14.802-412,14.810-289,14.801-190,14.801-425,14.810-095,14.808-130,14.807-309,14.804-304,14.801-762,14.808-238,14.807-066,14.807-000,14.809-280,14.802-386,14.801-206","Indústrias da transformação,Indústrias da transformação,Indústrias da transformação,Indústrias da transformação,Comércio Varejista,Comércio Varejista,Comércio Varejista,Comércio Varejista,Comércio Varejista,Comércio Varejista,Indústrias da transformação,Restaurantes,Restaurantes,Comércio Varejista,Comércio Varejista,Comércio Varejista,Indústrias da transformação,Comércio Varejista,Comércio Varejista,Comércio Varejista,Indústrias da transformação,Indústrias da transformação,Indústrias da transformação,Indústrias da transformação,Comércio Varejista,Comércio Varejista,Comércio Varejista,Comércio Varejista,Comércio Varejista,Comércio Varejista,Indústrias da transformação,Restaurantes,Restaurantes,Comércio Varejista,Comércio Varejista,Comércio Varejista,Indústrias da transformação,Comércio Varejista,Comércio Varejista,Comércio Varejista"
ribeirao-preto,1,,"SANTA HELENA INDUSTRIA DE ALIMENTOS SA,INDUSTRIA DE PRODUTOS ALIMENTICIOS CORY LTDA,ZINHO INDUSTRIA E COMERCIO DE ALIMENTOS LTDA,SUPERMERCADOS BIG COMPRA LTDA,CAFE UTAM,SUPERMERCADOS MIALICH LTDA,ELBEL AB COMERCIO E PARTICIPACOES LTDA,IRPAO FABRICACAO E COMERCIO DE MASSAS ALIMENTICIAS LTDA,CERVEJARIA ARTESANAL PRATINHA LTDA UNIPESSOAL,COCO BAMBU RIBEIRAO PRETO,ELDI SUPERMERCADO,SUPERMERCADO CANESIN,SUPREMA  ALIMENTACAO CORPORATIVA,BAR DO NELSON,GELATO BORELLI,COOP DE CONS FUNC BCO DO BRASIL DE RIB PRETO E REG LTDA,NUTRIONIX BRASIL,DIVAI HOME,BURGER 1  COMERCIO DE ALIMENTOS LTDA,MUSEU DA GULA  COMERCIO DE ALIMENTOS LTDA,SANTA HELENA INDUSTRIA DE ALIMENTOS SA,INDUSTRIA DE PRODUTOS ALIMENTICIOS CORY LTDA,ZINHO INDUSTRIA E COMERCIO DE ALIMENTOS LTDA,SUPERMERCADOS BIG COMPRA LTDA,CAFE UTAM,SUPERMERCADOS MIALICH LTDA,ELBEL AB COMERCIO E PARTICIPACOES LTDA,IRPAO FABRICACAO E COMERCIO DE MASSAS ALIMENTICIAS LTDA,CERVEJARIA ARTESANAL PRATINHA LTDA UNIPESSOAL,COCO BAMBU RIBEIRAO PRETO,ELDI SUPERMERCADO,SUPERMERCADO CANESIN,SUPREMA  ALIMENTACAO CORPORATIVA,BAR DO NELSON,GELATO BORELLI,COOP DE CONS FUNC BCO DO BRASIL DE RIB PRETO E REG LTDA,NUTRIONIX BRASIL,DIVAI HOME,BURGER 1  COMERCIO DE ALIMENTOS LTDA,MUSEU DA GULA  COMERCIO DE ALIMENTOS LTDA,60 filtros","14.075-350,14.095-280,14.077-440,14.065-220,14.095-230,14.077-230,14.027-095,14.095-230,14.030-000,14.027-250,14.066-421,14.020-733,14.021-630,14.015-130,14.051-260,14.010-000,14.025-390,14.025-320,14.075-350,14.095-280,14.077-440,14.065-220,14.095-230,14.077-230,14.027-095,14.095-230,14.030-000,14.027-250,14.066-421,14.020-733,14.021-630,14.015-130,14.051-260,14.010-000,14.025-390,14.025-320","Indústrias da transformação,Indústrias da transformação,Indústrias da transformação,Comércio Varejista,Indústrias da transformação,Comércio Varejista,Comércio Varejista,Indústrias da transformação,Indústrias da transformação,Restaurantes,Comércio Varejista,Comércio Varejista,Restaurantes,Comércio Varejista,Restaurantes,Comércio Varejista,Indústrias da transformação,Comércio Varejista,Restaurantes,Comércio Varejista,Indústrias da transformação,Indústrias da transformação,Indústrias da transformação,Comércio Varejista,Indústrias da transformação,Comércio Varejista,Comércio Varejista,Indústrias da transformação,Indústrias da transformação,Restaurantes,Comércio Varejista,Comércio Varejista,Restaurantes,Comércio Varejista,Restaurantes,Comércio Varejista,Indústrias da transformação,Comércio Varejista,Restaurantes,Comércio Varejista"
ribeirao-preto,4,,"SANTA HELENA INDUSTRIA DE ALIMENTOS SA,INDUSTRIA DE PRODUTOS ALIMENTICIOS CORY LTDA,ZINHO INDUSTRIA E COMERCIO DE ALIMENTOS LTDA,SUPERMERCADOS BIG COMPRA LTDA,CAFE UTAM,SUPERMERCADOS MIALICH LTDA,ELBEL AB COMERCIO E PARTICIPACOES LTDA,IRPAO FABRICACAO E COMERCIO DE MASSAS ALIMENTICIAS LTDA,CERVEJARIA ARTESANAL PRATINHA LTDA UNIPESSOAL,COCO BAMBU RIBEIRAO PRETO,ELDI SUPERMERCADO,SUPERMERCADO CANESIN,SUPREMA  ALIMENTACAO CORPORATIVA,BAR DO NELSON,GELATO BORELLI,COOP DE CONS FUNC BCO DO BRASIL DE RIB PRETO E REG LTDA,NUTRIONIX BRASIL,DIVAI HOME,BURGER 1  COMERCIO DE ALIMENTOS LTDA,MUSEU DA GULA  COMERCIO DE ALIMENTOS LTDA,SANTA HELENA INDUSTRIA DE ALIMENTOS SA,INDUSTRIA DE PRODUTOS ALIMENTICIOS CORY LTDA,ZINHO INDUSTRIA E COMERCIO DE ALIMENTOS LTDA,SUPERMERCADOS BIG COMPRA LTDA,CAFE UTAM,SUPERMERCADOS MIALICH LTDA,ELBEL AB COMERCIO E PARTICIPACOES LTDA,IRPAO FABRICACAO E COMERCIO DE MASSAS ALIMENTICIAS LTDA,CERVEJARIA ARTESANAL PRATINHA LTDA UNIPESSOAL,COCO BAMBU RIBEIRAO PRETO,ELDI SUPERMERCADO,SUPERMERCADO CANESIN,SUPREMA  ALIMENTACAO CORPORATIVA,BAR DO NELSON,GELATO BORELLI,COOP DE CONS FUNC BCO DO BRASIL DE RIB PRETO E REG LTDA,NUTRIONIX BRASIL,DIVAI HOME,BURGER 1  COMERCIO DE ALIMENTOS LTDA,MUSEU DA GULA  COMERCIO DE ALIMENTOS LTDA,60 filtros","14.075-350,14.095-280,14.077-440,14.065-220,14.095-230,14.077-230,14.027-095,14.095-230,14.030-000,14.027-250,14.066-421,14.020-733,14.021-630,14.015-130,14.051-260,14.010-000,14.025-390,14.025-320,14.075-350,14.095-280,14.077-440,14.065-220,14.095-230,14.077-230,14.027-095,14.095-230,14.030-000,14.027-250,14.066-421,14.020-733,14.021-630,14.015-130,14.051-260,14.010-000,14.025-390,14.025-320","Indústrias da transformação,Indústrias da transformação,Indústrias da transformação,Comércio Varejista,Indústrias da transformação,Comércio Varejista,Comércio Varejista,Indústrias da transformação,Indústrias da transformação,Restaurantes,Comércio Varejista,Comércio Varejista,Restaurantes,Comércio Varejista,Restaurantes,Comércio Varejista,Indústrias da transformação,Comércio Varejista,Restaurantes,Comércio Varejista,Indústrias da transformação,Indústrias da transformação,Indústrias da transformação,Comércio Varejista,Indústrias da transformação,Comércio Varejista,Comércio Varejista,Indústrias da transformação,Indústrias da transformação,Restaurantes,Comércio Varejista,Comércio Varejista,Restaurantes,Comércio Varejista,Restaurantes,Comércio Varejista,Indústrias da transformação,Comércio Varejista,Restaurantes,Comércio Varejista"
ribeirao-preto,3,,"SANTA HELENA INDUSTRIA DE ALIMENTOS SA,INDUSTRIA DE PRODUTOS ALIMENTICIOS CORY LTDA,ZINHO INDUSTRIA E COMERCIO DE ALIMENTOS LTDA,SUPERMERCADOS BIG COMPRA LTDA,CAFE UTAM,SUPERMERCADOS MIALICH LTDA,ELBEL AB COMERCIO E PARTICIPACOES LTDA,IRPAO FABRICACAO E COMERCIO DE MASSAS ALIMENTICIAS LTDA,CERVEJARIA ARTESANAL PRATINHA LTDA UNIPESSOAL,COCO BAMBU RIBEIRAO PRETO,ELDI SUPERMERCADO,SUPERMERCADO CANESIN,SUPREMA  ALIMENTACAO CORPORATIVA,BAR DO NELSON,GELATO BORELLI,COOP DE CONS FUNC BCO DO BRASIL DE RIB PRETO E REG LTDA,NUTRIONIX BRASIL,DIVAI HOME,BURGER 1  COMERCIO DE ALIMENTOS LTDA,MUSEU DA GULA  COMERCIO DE ALIMENTOS LTDA,SANTA HELENA INDUSTRIA DE ALIMENTOS SA,INDUSTRIA DE PRODUTOS ALIMENTICIOS CORY LTDA,ZINHO INDUSTRIA E COMERCIO DE ALIMENTOS LTDA,SUPERMERCADOS BIG COMPRA LTDA,CAFE UTAM,SUPERMERCADOS MIALICH LTDA,ELBEL AB COMERCIO E PARTICIPACOES LTDA,IRPAO FABRICACAO E COMERCIO DE MASSAS ALIMENTICIAS LTDA,CERVEJARIA ARTESANAL PRATINHA LTDA UNIPESSOAL,COCO BAMBU RIBEIRAO PRETO,ELDI SUPERMERCADO,SUPERMERCADO CANESIN,SUPREMA  ALIMENTACAO CORPORATIVA,BAR DO NELSON,GELATO BORELLI,COOP DE CONS FUNC BCO DO BRASIL DE RIB PRETO E REG LTDA,NUTRIONIX BRASIL,DIVAI HOME,BURGER 1  COMERCIO DE ALIMENTOS LTDA,MUSEU DA GULA  COMERCIO DE ALIMENTOS LTDA,60 filtros","14.075-350,14.095-280,14.077-440,14.065-220,14.095-230,14.077-230,14.027-095,14.095-230,14.030-000,14.027-250,14.066-421,14.020-733,14.021-630,14.015-130,14.051-260,14.010-000,14.025-390,14.025-320,14.075-350,14.095-280,14.077-440,14.065-220,14.095-230,14.077-230,14.027-095,14.095-230,14.030-000,14.027-250,14.066-421,14.020-733,14.021-630,14.015-130,14.051-260,14.010-000,14.025-390,14.025-320","Indústrias da transformação,Indústrias da transformação,Indústrias da transformação,Comércio Varejista,Indústrias da transformação,Comércio Varejista,Comércio Varejista,Indústrias da transformação,Indústrias da transformação,Restaurantes,Comércio Varejista,Comércio Varejista,Restaurantes,Comércio Varejista,Restaurantes,Comércio Varejista,Indústrias da transformação,Comércio Varejista,Restaurantes,Comércio Varejista,Indústrias da transformação,Indústrias da transformação,Indústrias da transformação,Comércio Varejista,Indústrias da transformação,Comércio Varejista,Comércio Varejista,Indústrias da transformação,Indústrias da transformação,Restaurantes,Comércio Varejista,Comércio Varejista,Restaurantes,Comércio Varejista,Restaurantes,Comércio Varejista,Indústrias da transformação,Comércio Varejista,Restaurantes,Comércio Varejista"
ribeirao-preto,5,,"SANTA HELENA INDUSTRIA DE ALIMENTOS SA,INDUSTRIA DE PRODUTOS ALIMENTICIOS CORY LTDA,ZINHO INDUSTRIA E COMERCIO DE ALIMENTOS LTDA,SUPERMERCADOS BIG COMPRA LTDA,CAFE UTAM,SUPERMERCADOS MIALICH LTDA,ELBEL AB COMERCIO E PARTICIPACOES LTDA,IRPAO FABRICACAO E COMERCIO DE MASSAS ALIMENTICIAS LTDA,CERVEJARIA ARTESANAL PRATINHA LTDA UNIPESSOAL,COCO BAMBU RIBEIRAO PRETO,ELDI SUPERMERCADO,SUPERMERCADO CANESIN,SUPREMA  ALIMENTACAO CORPORATIVA,BAR DO NELSON,GELATO BORELLI,COOP DE CONS FUNC BCO DO BRASIL DE RIB PRETO E REG LTDA,NUTRIONIX BRASIL,DIVAI HOME,BURGER 1  COMERCIO DE ALIMENTOS LTDA,MUSEU DA GULA  COMERCIO DE ALIMENTOS LTDA,SANTA HELENA INDUSTRIA DE ALIMENTOS SA,INDUSTRIA DE PRODUTOS ALIMENTICIOS CORY LTDA,ZINHO INDUSTRIA E COMERCIO DE ALIMENTOS LTDA,SUPERMERCADOS BIG COMPRA LTDA,CAFE UTAM,SUPERMERCADOS MIALICH LTDA,ELBEL AB COMERCIO E PARTICIPACOES LTDA,IRPAO FABRICACAO E COMERCIO DE MASSAS ALIMENTICIAS LTDA,CERVEJARIA ARTESANAL PRATINHA LTDA UNIPESSOAL,COCO BAMBU RIBEIRAO PRETO,ELDI SUPERMERCADO,SUPERMERCADO CANESIN,SUPREMA  ALIMENTACAO CORPORATIVA,BAR DO NELSON,GELATO BORELLI,COOP DE CONS FUNC BCO DO BRASIL DE RIB PRETO E REG LTDA,NUTRIONIX BRASIL,DIVAI HOME,BURGER 1  COMERCIO DE ALIMENTOS LTDA,MUSEU DA GULA  COMERCIO DE ALIMENTOS LTDA,60 filtros","14.075-350,14.095-280,14.077-440,14.065-220,14.095-230,14.077-230,14.027-095,14.095-230,14.030-000,14.027-250,14.066-421,14.020-733,14.021-630,14.015-130,14.051-260,14.010-000,14.025-390,14.025-320,14.075-350,14.095-280,14.077-440,14.065-220,14.095-230,14.077-230,14.027-095,14.095-230,14.030-000,14.027-250,14.066-421,14.020-733,14.021-630,14.015-130,14.051-260,14.010-000,14.025-390,14.025-320","Indústrias da transformação,Indústrias da transformação,Indústrias da transformação,Comércio Varejista,Indústrias da transformação,Comércio Varejista,Comércio Varejista,Indústrias da transformação,Indústrias da transformação,Restaurantes,Comércio Varejista,Comércio Varejista,Restaurantes,Comércio Varejista,Restaurantes,Comércio Varejista,Indústrias da transformação,Comércio Varejista,Restaurantes,Comércio Varejista,Indústrias da transformação,Indústrias da transformação,Indústrias da transformação,Comércio Varejista,Indústrias da transformação,Comércio Varejista,Comércio Varejista,Indústrias da transformação,Indústrias da transformação,Restaurantes,Comércio Varejista,Comércio Varejista,Restaurantes,Comércio Varejista,Restaurantes,Comércio Varejista,Indústrias da transformação,Comércio Varejista,Restaurantes,Comércio Varejista"
